State,City,Station,LastUpdate,Latitude,Longitude,PM2.5,PM10,SO2,CO,OZONE,NO2,NH3,Unknown
Andhra_Pradesh,Amaravati,"Secretariat, Amaravati - APPCB",20-11-2023 12:00:00,16.5150833,80.5181667,,,,,,,,
Andhra_Pradesh,Anantapur,"Gulzarpet, Anantapur - APPCB",20-11-2023 12:00:00,14.675886,77.593027,,,,,,,,
Andhra_Pradesh,Chittoor,"Gangineni Cheruvu, Chittoor - APPCB",20-11-2023 12:00:00,13.204880,79.097889,,,,,,,,
Andhra_Pradesh,Kadapa,"Yerramukkapalli, Kadapa - APPCB",20-11-2023 12:00:00,14.465052,78.824187,,,,,,,,
Andhra_Pradesh,Rajamahendravaram,"Anand Kala Kshetram, Rajamahendravaram - APPCB",20-11-2023 12:00:00,16.9872867,81.7363176,,,,,,,,
Andhra_Pradesh,Tirupati,"Tirumala, Tirupati - APPCB",20-11-2023 12:00:00,13.67,79.35,,,,,,,,
Andhra_Pradesh,Tirupati,"Vaikuntapuram, Tirupati - APPCB",20-11-2023 12:00:00,13.615387,79.409230,,,,,,,,
Andhra_Pradesh,Vijayawada,"HB Colony, Vijayawada - APPCB",20-11-2023 12:00:00,16.536107,80.594233,,,,,,,,
Andhra_Pradesh,Vijayawada,"Kanuru, Vijayawada - APPCB",20-11-2023 12:00:00,16.486692,80.699436,,,,,,,,
Andhra_Pradesh,Vijayawada,"Rajiv Gandhi Park, Vijayawada - APPCB",20-11-2023 12:00:00,16.509717,80.612222,,,,,,,,
Andhra_Pradesh,Visakhapatnam,"GVM Corporation, Visakhapatnam - APPCB",20-11-2023 12:00:00,17.72,83.3,,,,,,,,
Assam,Byrnihat,"Central Academy for SFS, Byrnihat - PCBA",20-11-2023 12:00:00,26.071318,91.87488,,,,,,,,
Assam,Guwahati,"IITG, Guwahati - PCBA",20-11-2023 12:00:00,26.2028636,91.70046436,,,,,,,,
Assam,Guwahati,"LGBI Airport, Guwahati - PCBA",20-11-2023 12:00:00,26.10887,91.589544,,,,,,,,
Assam,Guwahati,"Pan Bazaar, Guwahati - PCBA",20-11-2023 12:00:00,26.187500,91.744194,,,,,,,,
Assam,Guwahati,"Railway Colony, Guwahati - PCBA",20-11-2023 12:00:00,26.181742,91.78063,,,,,,,,
Assam,Nagaon,"Christianpatty, Nagaon - PCBA",20-11-2023 12:00:00,26.349082,92.68449,,,,,,,,
Assam,Nalbari,"Bata Chowk, Nalbari - PCBA",20-11-2023 12:00:00,26.446912,91.439057,,,,,,,,
Assam,Silchar,"Tarapur, Silchar - PCBA",20-11-2023 12:00:00,24.82827,92.79525,,,,,,,,
Assam,Sivasagar,"Girls College, Sivasagar - PCBA",20-11-2023 12:00:00,26.987634,94.636574,,,,,,,,
Bihar,Araria,"Kharahiya Basti, Araria - BSPCB",20-11-2023 12:00:00,26.146529,87.454184,,,,,,,,
Bihar,Arrah,"New DM Office, Arrah - BSPCB",20-11-2023 12:00:00,25.5626095,84.663264,,,,,,,,
Bihar,Aurangabad,"Gurdeo Nagar, Aurangabad - BSPCB",20-11-2023 12:00:00,24.75746,84.366208,,,,,,,,
Bihar,Begusarai,"DRCC Anandpur, Begusarai - BSPCB",20-11-2023 12:00:00,25.444266,86.140169,,,,,,,,
Bihar,Bettiah,"Kamalnath Nagar, Bettiah - BSPCB",20-11-2023 12:00:00,26.80365,84.51954,,,,,,,,
Bihar,Bhagalpur,"DM Office_Kachari Chowk, Bhagalpur - BSPCB",20-11-2023 12:00:00,25.251013,86.989001,,,,,,,,
Bihar,Bhagalpur,"Mayaganj, Bhagalpur - BSPCB",20-11-2023 12:00:00,25.265194,87.012947,,,,,,,,
Bihar,Bihar Sharif,"D M Colony, Bihar Sharif - BSPCB",20-11-2023 12:00:00,25.204762,85.514960,,,,,,,,
Bihar,Chhapra,"Darshan Nagar, Chhapra - BSPCB",20-11-2023 12:00:00,25.7808257,84.7446768,,,,,,,,
Bihar,Gaya,"Collectorate, Gaya - BSPCB",20-11-2023 12:00:00,24.7955,84.9994,,,,,,,,
Bihar,Gaya,"Kareemganj, Gaya - BSPCB",20-11-2023 12:00:00,24.792403,84.992416,,,,,,,,
Bihar,Gaya,"SFTI Kusdihra, Gaya - BSPCB",20-11-2023 12:00:00,24.762518,84.982348,,,,,,,,
Bihar,Hajipur,"Industrial Area, Hajipur - BSPCB",20-11-2023 12:00:00,25.697189,85.245900,,,,,,,,
Bihar,Katihar,"Mirchaibari, Katihar - BSPCB",20-11-2023 12:00:00,25.560083,87.553265,,,,,,,,
Bihar,Kishanganj,"SDM Office_Khagra, Kishanganj - BSPCB",20-11-2023 12:00:00,26.0881305,87.93840336,,,,,,,,
Bihar,Manguraha,"Forest Rest House, Manguraha - BSPCB",20-11-2023 12:00:00,27.308328,84.531742,,,,,,,,
Bihar,Motihari,"Gandak Colony, Motihari - BSPCB",20-11-2023 12:00:00,26.63086,84.90051,,,,,,,,
Bihar,Munger,"Town Hall, Munger - BSPCB",20-11-2023 12:00:00,25.376776,86.471523,,,,,,,,
Bihar,Muzaffarpur,"Buddha Colony, Muzaffarpur - BSPCB",20-11-2023 12:00:00,26.11442,85.39813,,,,,,,,
Bihar,Muzaffarpur,"MIT-Daudpur Kothi, Muzaffarpur - BSPCB",20-11-2023 12:00:00,26.1403345,85.3650192,,,,,,,,
Bihar,Muzaffarpur,"Muzaffarpur Collectorate, Muzaffarpur - BSPCB",20-11-2023 12:00:00,26.1209,85.3647,,,,,,,,
Bihar,Patna,"DRM Office Danapur, Patna - BSPCB",20-11-2023 12:00:00,25.586562,85.043586,,,,,,,,
Bihar,Patna,"Govt. High School Shikarpur, Patna - BSPCB",20-11-2023 12:00:00,25.592539,85.227158,,,,,,,,
Bihar,Patna,"IGSC Planetarium Complex, Patna - BSPCB",20-11-2023 12:00:00,25.5941,85.1376,,,,,,,,
Bihar,Patna,"Muradpur, Patna - BSPCB",20-11-2023 12:00:00,25.619651,85.147382,,,,,,,,
Bihar,Patna,"Rajbansi Nagar, Patna - BSPCB",20-11-2023 12:00:00,25.599486,85.113666,,,,,,,,
Bihar,Patna,"Samanpura, Patna - BSPCB",20-11-2023 12:00:00,25.596727,85.085624,,,,,,,,
Bihar,Purnia,"Mariam Nagar, Purnia - BSPCB",20-11-2023 12:00:00,25.366336,87.117468,,,,,,,,
Bihar,Rajgir,"Dangi Tola, Rajgir - BSPCB",20-11-2023 12:00:00,25.03280,85.41948,,,,,,,,
Bihar,Saharsa,"Police Line, Saharsa - BSPCB",20-11-2023 12:00:00,25.892357,86.590325,,,,,,,,
Bihar,Samastipur,"DM Office_Kasipur, Samastipur - BSPCB",20-11-2023 12:00:00,25.859655,85.77944,,,,,,,,
Bihar,Sasaram,"Dada Peer, Sasaram - BSPCB",20-11-2023 12:00:00,24.952822,84.002396,,,,,,,,
Bihar,Siwan,"Chitragupta Nagar, Siwan - BSPCB",20-11-2023 12:00:00,26.2271665,84.3570427,,,,,,,,
Chandigarh,Chandigarh,"Sector 22, Chandigarh - CPCC",20-11-2023 12:00:00,30.735567,76.775714,,,,,,,,
Chandigarh,Chandigarh,"Sector-25, Chandigarh - CPCC",20-11-2023 12:00:00,30.751462,76.762879,,,,,,,,
Chandigarh,Chandigarh,"Sector-53, Chandigarh - CPCC",20-11-2023 12:00:00,30.719859,76.738637,,,,,,,,
Chhattisgarh,Bhilai,"32Bungalows, Bhilai - CECB",20-11-2023 12:00:00,21.194815,81.314770,,,,,,,,
Chhattisgarh,Bhilai,"Civic Center, Bhilai - Bhilai Steel Plant",20-11-2023 12:00:00,21.185571,81.343175,,,,,,,,
Chhattisgarh,Bhilai,"Hathkhoj, Bhilai - CECB",20-11-2023 12:00:00,21.224231,81.408350,,,,,,,,
Chhattisgarh,Bilaspur,"Mangala, Bilaspur - NTPC",20-11-2023 12:00:00,22.08815,82.13737,,,,,,,,
Chhattisgarh,Chhal,"Nawapara SECL Colony, Chhal - CECB",20-11-2023 12:00:00,22.118125,83.140608,,,,,,,,
Chhattisgarh,Korba,"Rampur, Korba - CECB",20-11-2023 12:00:00,22.368195,82.746431,,,,,,,,
Chhattisgarh,Korba,"Urja Nagar, Korba - CECB",20-11-2023 12:00:00,22.348441,82.549611,,,,,,,,
Chhattisgarh,Milupara,"Govt. Higher Secondary School, Milupara - CECB",20-11-2023 12:00:00,22.1910172,83.5197009,,,,,,,,
Chhattisgarh,Raipur,"AIIMS, Raipur - CECB",20-11-2023 12:00:00,21.258815,81.578979,,,,,,,,
Chhattisgarh,Raipur,"Bhatagaon New ISBT, Raipur - CECB",20-11-2023 12:00:00,21.219665,81.630094,,,,,,,,
Chhattisgarh,Raipur,"Siltara Phase-II, Raipur - CECB",20-11-2023 12:00:00,21.371751,81.664929,,,,,,,,
Chhattisgarh,Tumidih,"OP Jindal Industrial Park, Tumidih - CECB",20-11-2023 12:00:00,22.06631475,83.33820077,,,,,,,,
Delhi,Delhi,"Alipur, Delhi - DPCC",20-11-2023 12:00:00,28.815329,77.153010,,,,,,,,
Delhi,Delhi,"Anand Vihar, Delhi - DPCC",20-11-2023 12:00:00,28.647622,77.3158090,,,,,,,,
Delhi,Delhi,"Ashok Vihar, Delhi - DPCC",20-11-2023 12:00:00,28.695381,77.181665,,,,,,,,
Delhi,Delhi,"Aya Nagar, Delhi - IMD",20-11-2023 12:00:00,28.4706914,77.1099364,,,,,,,,
Delhi,Delhi,"Bawana, Delhi - DPCC",20-11-2023 12:00:00,28.776200,77.051074,,,,,,,,
Delhi,Delhi,"Burari Crossing, Delhi - IMD",20-11-2023 12:00:00,28.7256504,77.2011573,,,,,,,,
Delhi,Delhi,"CRRI Mathura Road, Delhi - IMD",20-11-2023 12:00:00,28.5512005,77.2735737,,,,,,,,
Delhi,Delhi,"DTU, Delhi - CPCB",20-11-2023 12:00:00,28.7500499,77.1112615,,,,,,,,
Delhi,Delhi,"Dr. Karni Singh Shooting Range, Delhi - DPCC",20-11-2023 12:00:00,28.498571,77.264840,,,,,,,,
Delhi,Delhi,"Dwarka-Sector 8, Delhi - DPCC ",20-11-2023 12:00:00,28.5710274,77.0719006,,,,,,,,
Delhi,Delhi,"IGI Airport (T3), Delhi - IMD",20-11-2023 12:00:00,28.5627763,77.1180053,,,,,,,,
Delhi,Delhi,"IHBAS, Dilshad Garden, Delhi - CPCB",20-11-2023 12:00:00,28.6811736,77.3025234,,,,,,,,
Delhi,Delhi,"ITO, Delhi - CPCB",20-11-2023 12:00:00,28.628624,77.241060,,,,,,,,
Delhi,Delhi,"Jahangirpuri, Delhi - DPCC",20-11-2023 12:00:00,28.732820,77.170633,,,,,,,,
Delhi,Delhi,"Jawaharlal Nehru Stadium, Delhi - DPCC",20-11-2023 12:00:00,28.580280,77.233829,,,,,,,,
Delhi,Delhi,"Lodhi Road, Delhi - IMD",20-11-2023 12:00:00,28.5918245,77.2273074,,,,,,,,
Delhi,Delhi,"Major Dhyan Chand National Stadium, Delhi - DPCC",20-11-2023 12:00:00,28.611281,77.237738,,,,,,,,
Delhi,Delhi,"Mandir Marg, Delhi - DPCC",20-11-2023 12:00:00,28.636429,77.201067,,,,,,,,
Delhi,Delhi,"Mundka, Delhi - DPCC",20-11-2023 12:00:00,28.684678,77.076574,,,,,,,,
Delhi,Delhi,"NSIT Dwarka, Delhi - CPCB",20-11-2023 12:00:00,28.60909,77.0325413,,,,,,,,
Delhi,Delhi,"Najafgarh, Delhi - DPCC",20-11-2023 12:00:00,28.570173,76.933762,,,,,,,,
Delhi,Delhi,"Narela, Delhi - DPCC",20-11-2023 12:00:00,28.822836,77.101981,,,,,,,,
Delhi,Delhi,"Nehru Nagar, Delhi - DPCC",20-11-2023 12:00:00,28.567890,77.250515,,,,,,,,
Delhi,Delhi,"New Moti Bagh, Delhi - MHUA",20-11-2023 12:00:00,28.57834,77.18400,,,,,,,,
Delhi,Delhi,"North Campus, DU, Delhi - IMD",20-11-2023 12:00:00,28.6573814,77.1585447,,,,,,,,
Delhi,Delhi,"Okhla Phase-2, Delhi - DPCC",20-11-2023 12:00:00,28.530785,77.271255,,,,,,,,
Delhi,Delhi,"Patparganj, Delhi - DPCC",20-11-2023 12:00:00,28.623763,77.287209,,,,,,,,
Delhi,Delhi,"Punjabi Bagh, Delhi - DPCC",20-11-2023 12:00:00,28.674045,77.131023,,,,,,,,
Delhi,Delhi,"Pusa, Delhi - DPCC",20-11-2023 12:00:00,28.639652,77.146275,,,,,,,,
Delhi,Delhi,"Pusa, Delhi - IMD",20-11-2023 12:00:00,28.636110,77.173332,,,,,,,,
Delhi,Delhi,"R K Puram, Delhi - DPCC",20-11-2023 12:00:00,28.563262,77.186937,,,,,,,,
Delhi,Delhi,"Rohini, Delhi - DPCC",20-11-2023 12:00:00,28.732528,77.119920,,,,,,,,
Delhi,Delhi,"Shadipur, Delhi - CPCB",20-11-2023 12:00:00,28.6514781,77.1473105,,,,,,,,
Delhi,Delhi,"Sirifort, Delhi - CPCB",20-11-2023 12:00:00,28.5504249,77.2159377,,,,,,,,
Delhi,Delhi,"Sonia Vihar, Delhi - DPCC",20-11-2023 12:00:00,28.710508,77.249485,,,,,,,,
Delhi,Delhi,"Sri Aurobindo Marg, Delhi - DPCC",20-11-2023 12:00:00,28.531346,77.190156,,,,,,,,
Delhi,Delhi,"Vivek Vihar, Delhi - DPCC",20-11-2023 12:00:00,28.672342,77.315260,,,,,,,,
Delhi,Delhi,"Wazirpur, Delhi - DPCC",20-11-2023 12:00:00,28.699793,77.165453,,,,,,,,
Gujarat,Ahmedabad,"Chandkheda, Ahmedabad - IITM",20-11-2023 12:00:00,23.107969,72.574648,,,,,,,,
Gujarat,Ahmedabad,"Gyaspur, Ahmedabad - IITM",20-11-2023 12:00:00,22.977134,72.553024,,,,,,,,
Gujarat,Ahmedabad,"Maninagar, Ahmedabad - GPCB",20-11-2023 12:00:00,23.002657,72.591912,,,,,,,,
Gujarat,Ahmedabad,"Raikhad, Ahmedabad - IITM",20-11-2023 12:00:00,23.020509,72.579261,,,,,,,,
Gujarat,Ahmedabad,"Rakhial, Ahmedabad - IITM",20-11-2023 12:00:00,23.016834,72.625775,,,,,,,,
Gujarat,Ahmedabad,"SAC ISRO Bopal, Ahmedabad - IITM",20-11-2023 12:00:00,23.041137,72.456691,,,,,,,,
Gujarat,Ahmedabad,"SAC ISRO Satellite, Ahmedabad - IITM",20-11-2023 12:00:00,23.023389,72.515201,,,,,,,,
Gujarat,Ahmedabad,"SVPI Airport Hansol, Ahmedabad - IITM",20-11-2023 12:00:00,23.076793,72.627874,,,,,,,,
Gujarat,Ahmedabad,"Sardar Vallabhbhai Patel Stadium, Ahmedabad - IITM",20-11-2023 12:00:00,23.043070,72.562968,,,,,,,,
Gujarat,Ankleshwar,"GIDC, Ankleshwar - GPCB",20-11-2023 12:00:00,21.613267,73.010555,,,,,,,,
Gujarat,Gandhinagar,"GIFT City, Gandhinagar - IITM",20-11-2023 12:00:00,23.163798,72.677768,,,,,,,,
Gujarat,Gandhinagar,"IIPHG Lekawada, Gandhinagar - IITM",20-11-2023 12:00:00,23.243639,72.68994,,,,,,,,
Gujarat,Gandhinagar,"Sector-10, Gandhinagar - GPCB",20-11-2023 12:00:00,23.221714,72.654328,,,,,,,,
Gujarat,Nandesari,"GIDC, Nandesari - Nandesari Ind. Association",20-11-2023 12:00:00,22.410802,73.097923,,,,,,,,
Gujarat,Surat,"Science Center, Surat - SMC",20-11-2023 12:00:00,21.170046,72.795405,,,,,,,,
Gujarat,Vapi,"Phase-1 GIDC, Vapi - GPCB",20-11-2023 12:00:00,20.362421,72.918013,,,,,,,,
Gujarat,Vatva,"Phase-4 GIDC, Vatva - GPCB",20-11-2023 12:00:00,22.969611,72.643500,,,,,,,,
Haryana,Ambala,"Patti Mehar, Ambala - HSPCB",20-11-2023 12:00:00,30.379589,76.778328,,,,,,,,
Haryana,Bahadurgarh,"Arya Nagar, Bahadurgarh - HSPCB",20-11-2023 12:00:00,28.6701,76.9254,,,,,,,,
Haryana,Ballabgarh,"Nathu Colony, Ballabgarh - HSPCB",20-11-2023 12:00:00,28.3419248,77.319699,,,,,,,,
Haryana,Bhiwani,"H.B. Colony, Bhiwani - HSPCB",20-11-2023 12:00:00,28.806223,76.141105,,,,,,,,
Haryana,Charkhi Dadri,"Mini Secretariat, Charkhi Dadri - HSPCB",20-11-2023 12:00:00,28.593883,76.270653,,,,,,,,
Haryana,Dharuhera,"Municipal Corporation Office, Dharuhera -  HSPCB",20-11-2023 12:00:00,28.206800,76.799700,,,,,,,,
Haryana,Faridabad,"New Industrial Town, Faridabad - HSPCB",20-11-2023 12:00:00,28.39072,77.30059,,,,,,,,
Haryana,Faridabad,"Sector 11, Faridabad - HSPCB",20-11-2023 12:00:00,28.376058,77.315741,,,,,,,,
Haryana,Faridabad,"Sector 30, Faridabad - HSPCB",20-11-2023 12:00:00,28.4417,77.3217,,,,,,,,
Haryana,Faridabad,"Sector- 16A, Faridabad - HSPCB",20-11-2023 12:00:00,28.4088421,77.3099081,,,,,,,,
Haryana,Fatehabad,"Huda Sector, Fatehabad - HSPCB",20-11-2023 12:00:00,29.503664,75.467934,,,,,,,,
Haryana,Gurugram,"NISE Gwal Pahari, Gurugram - IMD",20-11-2023 12:00:00,28.422681,77.148944,,,,,,,,
Haryana,Gurugram,"Sector-51, Gurugram - HSPCB",20-11-2023 12:00:00,28.4227,77.0667,,,,,,,,
Haryana,Gurugram,"Teri Gram, Gurugram - HSPCB",20-11-2023 12:00:00,28.4275,77.1465,,,,,,,,
Haryana,Gurugram,"Vikas Sadan, Gurugram - HSPCB",20-11-2023 12:00:00,28.4501238,77.0263051,,,,,,,,
Haryana,Hisar,"Urban Estate-II, Hisar - HSPCB",20-11-2023 12:00:00,29.140560,75.744941,,,,,,,,
Haryana,Jind,"Police Lines, Jind - HSPCB",20-11-2023 12:00:00,29.307814,76.337619,,,,,,,,
Haryana,Kaithal,"Rishi Nagar, Kaithal - HSPCB",20-11-2023 12:00:00,29.8006,76.4155,,,,,,,,
Haryana,Karnal,"Sector-12, Karnal - HSPCB",20-11-2023 12:00:00,29.695300,77.002700,,,,,,,,
Haryana,Kurukshetra,"Sector-7, Kurukshetra - HSPCB",20-11-2023 12:00:00,29.966942,76.875879,,,,,,,,
Haryana,Mandikhera,"General Hospital, Mandikhera - HSPCB",20-11-2023 12:00:00,27.9002,76.9938,,,,,,,,
Haryana,Manesar,"Sector-2 IMT, Manesar - HSPCB",20-11-2023 12:00:00,28.360699,76.936090,,,,,,,,
Haryana,Narnaul,"Shastri Nagar, Narnaul - HSPCB",20-11-2023 12:00:00,28.060249,76.113115,,,,,,,,
Haryana,Palwal,"Shyam Nagar, Palwal - HSPCB",20-11-2023 12:00:00,28.1485564,77.3320667,,,,,,,,
Haryana,Panchkula,"Sector-6, Panchkula - HSPCB ",20-11-2023 12:00:00,30.7057778,76.8531805555555,,,,,,,,
Haryana,Panipat,"Sector-18, Panipat - HSPCB",20-11-2023 12:00:00,29.497973,76.993331,,,,,,,,
Haryana,Rohtak,"MD University, Rohtak - HSPCB",20-11-2023 12:00:00,28.52123,76.37138,,,,,,,,
Haryana,Sirsa,"F-Block, Sirsa - HSPCB",20-11-2023 12:00:00,29.536400,75.015800,,,,,,,,
Haryana,Sonipat,"Murthal, Sonipat - HSPCB",20-11-2023 12:00:00,29.027200,77.062100,,,,,,,,
Haryana,Yamuna Nagar,"Gobind Pura, Yamuna Nagar - HSPCB",20-11-2023 12:00:00,30.1480566,77.2893471,,,,,,,,
Himachal Pradesh,Baddi,"HIMUDA Complex Phase-1, Baddi - HPPCB",20-11-2023 12:00:00,30.943887,76.801991,,,,,,,,
Jammu_&_Kashmir,Srinagar,"Rajbagh, Srinagar - JKSPCB",20-11-2023 12:00:00,34.066206,74.819820,,,,,,,,
Jharkhand,Dhanbad,"Sardar Patel Nagar, Dhanbad - JSPCB",20-11-2023 12:00:00,23.80569,86.44268,,,,,,,,
Karnataka,Bagalkot,"Vidayagiri, Bagalkot - KSPCB",20-11-2023 12:00:00,16.172806,75.659694,,,,,,,,
Karnataka,Belgaum,"Ramteerth Nagar, Belgaum - KSPCB",20-11-2023 12:00:00,15.888653,74.541751,,,,,,,,
Karnataka,Bengaluru,"BTM Layout, Bengaluru - CPCB",20-11-2023 12:00:00,12.9135218,77.5950804,,,,,,,,
Karnataka,Bengaluru,"Bapuji Nagar, Bengaluru - KSPCB",20-11-2023 12:00:00,12.951913,77.539784,,,,,,,,
Karnataka,Bengaluru,"City Railway Station, Bengaluru - KSPCB",20-11-2023 12:00:00,12.9756843,77.5660749,,,,,,,,
Karnataka,Bengaluru,"Hebbal, Bengaluru - KSPCB",20-11-2023 12:00:00,13.029152,77.585901,,,,,,,,
Karnataka,Bengaluru,"Hombegowda Nagar, Bengaluru - KSPCB",20-11-2023 12:00:00,12.938539,77.590100,,,,,,,,
Karnataka,Bengaluru,"Jayanagar 5th Block, Bengaluru - KSPCB",20-11-2023 12:00:00,12.920984,77.584908,,,,,,,,
Karnataka,Bengaluru,"Jigani, Bengaluru - KSPCB",20-11-2023 12:00:00,12.7816279,77.6299145,,,,,,,,
Karnataka,Bengaluru,"Kasturi Nagar, Bengaluru - KSPCB",20-11-2023 12:00:00,13.003872,77.664217,,,,,,,,
Karnataka,Bengaluru,"Peenya, Bengaluru - CPCB",20-11-2023 12:00:00,13.0270199,77.494094,,,,,,,,
Karnataka,Bengaluru,"RVCE-Mailasandra, Bengaluru - KSPCB",20-11-2023 12:00:00,12.921418,77.502466,,,,,,,,
Karnataka,Bengaluru,"Sanegurava Halli, Bengaluru - KSPCB",20-11-2023 12:00:00,12.990328,77.5431385,,,,,,,,
Karnataka,Bengaluru,"Shivapura_Peenya, Bengaluru - KSPCB",20-11-2023 12:00:00,13.0246342,77.5080115,,,,,,,,
Karnataka,Bengaluru,"Silk Board, Bengaluru - KSPCB",20-11-2023 12:00:00,12.917348,77.622813,,,,,,,,
Karnataka,Bidar,"Naubad, Bidar - KSPCB",20-11-2023 12:00:00,17.930306,77.482194,,,,,,,,
Karnataka,Chamarajanagar,"Urban, Chamarajanagar - KSPCB",20-11-2023 12:00:00,11.55358,76.55521,,,,,,,,
Karnataka,Chikkaballapur,"Chikkaballapur Rural, Chikkaballapur - KSPCB",20-11-2023 12:00:00,13.428828,77.731418,,,,,,,,
Karnataka,Chikkamagaluru,"Kalyana Nagara, Chikkamagaluru - KSPCB",20-11-2023 12:00:00,13.328028,75.797056,,,,,,,,
Karnataka,Davanagere,"Devaraj Urs Badavane, Davanagere - KSPCB",20-11-2023 12:00:00,14.475800,75.905200,,,,,,,,
Karnataka,Dharwad,"Kalabhavan, Dharwad - KSPCB",20-11-2023 12:00:00,15.459706,75.008381,,,,,,,,
Karnataka,Gadag,"Panchal Nagar, Gadag - KSPCB",20-11-2023 12:00:00,15.411456,75.638133,,,,,,,,
Karnataka,Hassan,"B.Katihalli, Hassan - KSPCB",20-11-2023 12:00:00,13.008556,76.125258,,,,,,,,
Karnataka,Haveri,"Ashwini Nagar, Haveri - KSPCB",20-11-2023 12:00:00,14.791800,75.389600,,,,,,,,
Karnataka,Hubballi,"Deshpande Nagar, Hubballi - KSPCB",20-11-2023 12:00:00,15.351773,75.140726,,,,,,,,
Karnataka,Hubballi,"Lingaraj Nagar, Hubballi - KSPCB",20-11-2023 12:00:00,15.3714823,75.1160168,,,,,,,,
Karnataka,Kalaburagi,"Lal Bahadur Shastri Nagar, Kalaburagi - KSPCB",20-11-2023 12:00:00,17.321993,76.822628,,,,,,,,
Karnataka,Kalaburagi,"Mahatma Basaveswar Colony, Kalaburgi - KSPCB",20-11-2023 12:00:00,17.336318,76.847397,,,,,,,,
Karnataka,Kolar,"Tamaka Ind. Area, Kolar - KSPCB",20-11-2023 12:00:00,13.1276288,78.1570122,,,,,,,,
Karnataka,Koppal,"Diwator Nagar, Koppal - KSPCB",20-11-2023 12:00:00,15.347630,76.181767,,,,,,,,
Karnataka,Madikeri,"Stuart Hill, Madikeri - KSPCB",20-11-2023 12:00:00,12.415911,75.735050,,,,,,,,
Karnataka,Mangalore,"Kadri, Mangalore - KSPCB",20-11-2023 12:00:00,12.889250,74.853000,,,,,,,,
Karnataka,Mysuru,"Hebbal 1st Stage, Mysuru - KSPCB",20-11-2023 12:00:00,12.21041,76.37376,,,,,,,,
Karnataka,Raichur,"Haji Colony, Raichur - KSPCB",20-11-2023 12:00:00,16.208139,77.348417,,,,,,,,
Karnataka,Ramanagara,"Vijay Nagar, Ramanagara - KSPCB",20-11-2023 12:00:00,12.733409,77.298051,,,,,,,,
Karnataka,Shivamogga,"Vinoba Nagara, Shivamogga - KSPCB",20-11-2023 12:00:00,13.940000,75.555917,,,,,,,,
Karnataka,Tumakuru,"Thimmalapura, Tumakuru - KSPCB",20-11-2023 12:00:00,13.377516,77.099072,,,,,,,,
Karnataka,Udupi,"Brahmagiri, Udupi - KSPCB",20-11-2023 12:00:00,13.34194444,74.74694444,,,,,,,,
Karnataka,Vijayapura,"Ibrahimpur, Vijayapura - KSPCB",20-11-2023 12:00:00,16.802639,75.722694,,,,,,,,
Karnataka,Yadgir,"Collector Office, Yadgir - KSPCB",20-11-2023 12:00:00,16.7602,77.1428,,,,,,,,
Kerala,Eloor,"Udyogamandal, Eloor - Kerala PCB",20-11-2023 12:00:00,10.073232,76.302765,,,,,,,,
Kerala,Kannur,"Thavakkara, Kannur - Kerala PCB",20-11-2023 12:00:00,11.875000,75.373200,,,,,,,,
Kerala,Kochi,"Vyttila, Kochi - Kerala PCB",20-11-2023 12:00:00,9.969447,76.321186,,,,,,,,
Kerala,Kollam,"Polayathode, Kollam - Kerala PCB",20-11-2023 12:00:00,8.8787,76.6073,,,,,,,,
Kerala,Thiruvananthapuram,"Plammoodu, Thiruvananthapuram - Kerala PCB",20-11-2023 12:00:00,8.5149093,76.9435879,,,,,,,,
Kerala,Thrissur,"Corporation Ground, Thrissur - Kerala PCB",20-11-2023 12:00:00,10.532400,76.215900,,,,,,,,
Madhya Pradesh,Bhopal,"Idgah Hills, Bhopal - MPPCB",20-11-2023 12:00:00,23.264759,77.381568,,,,,,,,
Madhya Pradesh,Bhopal,"Paryavaran Parisar, Bhopal - MPPCB",20-11-2023 12:00:00,23.210494,77.425409,,,,,,,,
Madhya Pradesh,Bhopal,"T T Nagar, Bhopal - MPPCB",20-11-2023 12:00:00,23.233584,77.400574,,,,,,,,
Madhya Pradesh,Damoh,"Shrivastav Colony, Damoh - MPPCB",20-11-2023 12:00:00,23.81748678,79.446246,,,,,,,,
Madhya Pradesh,Dewas,"Bhopal Chauraha, Dewas - MPPCB",20-11-2023 12:00:00,22.9682591,76.064118,,,,,,,,
Madhya Pradesh,Gwalior,"City Center, Gwalior - MPPCB",20-11-2023 12:00:00,26.203442,78.193251,,,,,,,,
Madhya Pradesh,Gwalior,"Deen Dayal Nagar, Gwalior - MPPCB",20-11-2023 12:00:00,26.259242,78.216432,,,,,,,,
Madhya Pradesh,Gwalior,"Maharaj Bada, Gwalior - MPPCB",20-11-2023 12:00:00,26.200388,78.147714,,,,,,,,
Madhya Pradesh,Gwalior,"Phool Bagh, Gwalior - Mondelez Ind. Food",20-11-2023 12:00:00,26.210536,78.171,,,,,,,,
Madhya Pradesh,Indore,"Chhoti Gwaltoli, Indore - MPPCB",20-11-2023 12:00:00,22.4310,75.5213,,,,,,,,
Madhya Pradesh,Jabalpur,"Gupteshwar, Jabalpur - JMC",20-11-2023 12:00:00,23.142888,79.916147,,,,,,,,
Madhya Pradesh,Jabalpur,"Marhatal, Jabalpur - MPPCB",20-11-2023 12:00:00,23.168606,79.932247,,,,,,,,
Madhya Pradesh,Jabalpur,"Suhagi, Jabalpur - JMC",20-11-2023 12:00:00,23.218135,79.957770,,,,,,,,
Madhya Pradesh,Katni,"Gole Bazar, Katni - MPPCB",20-11-2023 12:00:00,23.50016,80.23284,,,,,,,,
Madhya Pradesh,Maihar,"Sahilara, Maihar - KJS Cements",20-11-2023 12:00:00,24.2613009,80.7231783,,,,,,,,
Madhya Pradesh,Mandideep,"Sector-D Industrial Area, Mandideep - MPPCB",20-11-2023 12:00:00,23.108440,77.511428,,,,,,,,
Madhya Pradesh,Pithampur,"Sector-2 Industrial Area, Pithampur - MPPCB",20-11-2023 12:00:00,22.624758,75.675238,,,,,,,,
Madhya Pradesh,Ratlam,"Shasthri Nagar, Ratlam - IPCA Lab",20-11-2023 12:00:00,23.331731,75.045981,,,,,,,,
Madhya Pradesh,Sagar,"Civil Lines, Sagar - MPPCB",20-11-2023 12:00:00,23.838586,78.759431,,,,,,,,
Madhya Pradesh,Sagar,"Deen Dayal Nagar, Sagar - MPPCB",20-11-2023 12:00:00,23.8640158,78.80289321,,,,,,,,
Madhya Pradesh,Satna,"Bandhavgar Colony, Satna - Birla Cement",20-11-2023 12:00:00,24.58434363,80.8549414,,,,,,,,
Madhya Pradesh,Singrauli,"Suryakiran Bhawan NCL, Singrauli - MPPCB",20-11-2023 12:00:00,24.108970,82.645580,,,,,,,,
Madhya Pradesh,Ujjain,"Mahakaleshwar Temple, Ujjain - MPPCB",20-11-2023 12:00:00,23.182719 ,75.768218 ,,,,,,,,
Maharashtra,Ahmednagar,"Tarakpur, Ahmednagar - MPCB",20-11-2023 12:00:00,19.10122,74.73339,,,,,,,,
Maharashtra,Akola,"Ramdaspeth, Akola - MPCB",20-11-2023 12:00:00,20.719516,77.000253,,,,,,,,
Maharashtra,Amravati,"Shivneri Colony, Amravati - MPCB",20-11-2023 12:00:00,20.9402359,77.7895248,,,,,,,,
Maharashtra,Amravati,"Shri Shivaji Science College, Amaravati - MPCB",20-11-2023 12:00:00,20.939198,77.765701,,,,,,,,
Maharashtra,Aurangabad,"More Chowk Waluj, Aurangabad - MPCB",20-11-2023 12:00:00,19.8389439,75.244448,,,,,,,,
Maharashtra,Aurangabad,"Rachnakar Colony, Aurangabad - MPCB",20-11-2023 12:00:00,19.863756,75.321188,,,,,,,,
Maharashtra,Badlapur,"Katrap, Badlapur - MPCB",20-11-2023 12:00:00,19.16485,73.23409,,,,,,,,
Maharashtra,Belapur,"CBD Belapur, Belapur - MPCB",20-11-2023 12:00:00,19.0243902,73.0406721,,,,,,,,
Maharashtra,Bhiwandi,"Gokul Nagar, Bhiwandi - MPCB",20-11-2023 12:00:00,19.309073,73.057223,,,,,,,,
Maharashtra,Boisar,"Khaira, Boisar - MPCB",20-11-2023 12:00:00,19.786089,72.757971,,,,,,,,
Maharashtra,Chandrapur,"Chauhan Colony, Chandrapur - MPCB",20-11-2023 12:00:00,19.962900,79.298714,,,,,,,,
Maharashtra,Chandrapur,"MIDC Khutala, Chandrapur - MPCB",20-11-2023 12:00:00,19.9775302,79.2337086,,,,,,,,
Maharashtra,Dhule,"Deopur, Dhule - MPCB",20-11-2023 12:00:00,20.918946,74.776388,,,,,,,,
Maharashtra,Jalgaon,"Prabhat Colony, Jalgaon - MPCB",20-11-2023 12:00:00,21.001264,75.565602,,,,,,,,
Maharashtra,Jalna,"Old MIDC, Jalna - MPCB",20-11-2023 12:00:00,19.854616,75.905894,,,,,,,,
Maharashtra,Kalyan,"Khadakpada, Kalyan - MPCB",20-11-2023 12:00:00,19.25292,73.142019,,,,,,,,
Maharashtra,Kolhapur,"Shivaji University, Kolhapur - MPCB",20-11-2023 12:00:00,16.6870449,74.2505872,,,,,,,,
Maharashtra,Kolhapur,"Sinchan Bhavan, Kolhapur - MPCB",20-11-2023 12:00:00,16.7143745,74.2426398,,,,,,,,
Maharashtra,Latur,"Sawe Wadi, Latur - MPCB",20-11-2023 12:00:00,18.39963,76.57452,,,,,,,,
Maharashtra,Mahad,"Kamble Tarf Birwadi, Mahad - MPCB",20-11-2023 12:00:00,18.1023399,73.4783687,,,,,,,,
Maharashtra,Malegaon,"Mahesh Nagar, Malegaon - MPCB",20-11-2023 12:00:00,20.555712,74.529236,,,,,,,,
Maharashtra,Mira-Bhayandar,"Bhayandar West, Mira-Bhayandar - MPCB",20-11-2023 12:00:00,19.296481,72.840923,,,,,,,,
Maharashtra,Mumbai,"Bandra Kurla Complex, Mumbai - IITM",20-11-2023 12:00:00,19.053536,72.84643,,,,,,,,
Maharashtra,Mumbai,"Bandra Kurla Complex, Mumbai - MPCB",20-11-2023 12:00:00,19.065931,72.862131,,,,,,,,
Maharashtra,Mumbai,"Borivali East, Mumbai - IITM",20-11-2023 12:00:00,19.23241,72.86895,,,,,,,,
Maharashtra,Mumbai,"Borivali East, Mumbai - MPCB",20-11-2023 12:00:00,19.2243333,72.8658113,,,,,,,,
Maharashtra,Mumbai,"Byculla, Mumbai - BMC",20-11-2023 12:00:00,18.9767,72.8380,,,,,,,,
Maharashtra,Mumbai,"Chakala-Andheri East, Mumbai - IITM",20-11-2023 12:00:00,19.11074,72.86084,,,,,,,,
Maharashtra,Mumbai,"Chembur, Mumbai - MPCB",20-11-2023 12:00:00,19.0364585,72.8954371,,,,,,,,
Maharashtra,Mumbai,"Chhatrapati Shivaji Intl. Airport (T2), Mumbai - MPCB",20-11-2023 12:00:00,19.10078,72.87462,,,,,,,,
Maharashtra,Mumbai,"Colaba, Mumbai - MPCB",20-11-2023 12:00:00,18.910000,72.820000,,,,,,,,
Maharashtra,Mumbai,"Deonar, Mumbai - IITM",20-11-2023 12:00:00,19.04946,72.9230,,,,,,,,
Maharashtra,Mumbai,"Ghatkopar, Mumbai - BMC",20-11-2023 12:00:00,19.083694,72.920967,,,,,,,,
Maharashtra,Mumbai,"Kandivali East, Mumbai - MPCB",20-11-2023 12:00:00,19.205800,72.868200,,,,,,,,
Maharashtra,Mumbai,"Kandivali West, Mumbai - BMC",20-11-2023 12:00:00,19.215859,72.831718,,,,,,,,
Maharashtra,Mumbai,"Kherwadi_Bandra East, Mumbai - MPCB",20-11-2023 12:00:00,19.0632143,72.8456324,,,,,,,,
Maharashtra,Mumbai,"Khindipada-Bhandup West, Mumbai - IITM",20-11-2023 12:00:00,19.1653323,72.922099,,,,,,,,
Maharashtra,Mumbai,"Kurla, Mumbai - MPCB",20-11-2023 12:00:00,19.0863,72.8888,,,,,,,,
Maharashtra,Mumbai,"Malad West, Mumbai - IITM",20-11-2023 12:00:00,19.19709,72.82204,,,,,,,,
Maharashtra,Mumbai,"Mazgaon, Mumbai - IITM",20-11-2023 12:00:00,18.96702,72.84214,,,,,,,,
Maharashtra,Mumbai,"Mindspace-Malad West, Mumbai - MPCB",20-11-2023 12:00:00,19.1878657,72.8304069,,,,,,,,
Maharashtra,Mumbai,"Mulund West, Mumbai - MPCB",20-11-2023 12:00:00,19.1750,72.9419,,,,,,,,
Maharashtra,Mumbai,"Navy Nagar-Colaba, Mumbai - IITM",20-11-2023 12:00:00,18.897756,72.813320,,,,,,,,
Maharashtra,Mumbai,"Powai, Mumbai - MPCB",20-11-2023 12:00:00,19.137500,72.915056,,,,,,,,
Maharashtra,Mumbai,"Shivaji Nagar, Mumbai - BMC",20-11-2023 12:00:00,19.060498,72.923356,,,,,,,,
Maharashtra,Mumbai,"Siddharth Nagar-Worli, Mumbai - IITM",20-11-2023 12:00:00,19.000083,72.813993,,,,,,,,
Maharashtra,Mumbai,"Sion, Mumbai - MPCB",20-11-2023 12:00:00,19.047000,72.874600,,,,,,,,
Maharashtra,Mumbai,"Vasai West, Mumbai - MPCB",20-11-2023 12:00:00,19.383200,72.820400,,,,,,,,
Maharashtra,Mumbai,"Vile Parle West, Mumbai - MPCB",20-11-2023 12:00:00,19.10861,72.83622,,,,,,,,
Maharashtra,Mumbai,"Worli, Mumbai - MPCB",20-11-2023 12:00:00,18.9936162,72.8128113,,,,,,,,
Maharashtra,Nagpur,"Ambazari, Nagpur - MPCB",20-11-2023 12:00:00,21.121801,79.04952,,,,,,,,
Maharashtra,Nagpur,"Mahal, Nagpur - MPCB",20-11-2023 12:00:00,21.14472,79.107595,,,,,,,,
Maharashtra,Nagpur,"Opp GPO Civil Lines, Nagpur - MPCB",20-11-2023 12:00:00,21.152875,79.0517531,,,,,,,,
Maharashtra,Nagpur,"Ram Nagar, Nagpur - MPCB",20-11-2023 12:00:00,21.143383,79.048912,,,,,,,,
Maharashtra,Nanded,"Sneh Nagar, Nanded - MPCB",20-11-2023 12:00:00,19.173852,77.296291,,,,,,,,
Maharashtra,Nashik,"Gangapur Road, Nashik - MPCB",20-11-2023 12:00:00,20.0073285,73.7762427,,,,,,,,
Maharashtra,Nashik,"Hirawadi, Nashik - MPCB",20-11-2023 12:00:00,20.021503,73.813844,,,,,,,,
Maharashtra,Nashik,"MIDC Ambad, Nashik - MPCB",20-11-2023 12:00:00,19.950220,73.731480,,,,,,,,
Maharashtra,Nashik,"Pandav Nagari, Nashik - MPCB",20-11-2023 12:00:00,19.9591346,73.7788008,,,,,,,,
Maharashtra,Navi Mumbai,"Kopripada-Vashi, Navi Mumbai - MPCB",20-11-2023 12:00:00,19.090337,73.014232,,,,,,,,
Maharashtra,Navi Mumbai,"Mahape, Navi Mumbai - MPCB",20-11-2023 12:00:00,19.1135051,73.008978,,,,,,,,
Maharashtra,Navi Mumbai,"Nerul, Navi Mumbai - MPCB",20-11-2023 12:00:00,19.008751,73.016620,,,,,,,,
Maharashtra,Navi Mumbai,"Sanpada, Navi Mumbai - MPCB",20-11-2023 12:00:00,19.0575752,73.0151367,,,,,,,,
Maharashtra,Navi Mumbai,"Sector-2E Kalamboli, Navi Mumbai - MPCB",20-11-2023 12:00:00,19.02579,73.10297,,,,,,,,
Maharashtra,Navi Mumbai,"Tondare-Taloja, Navi Mumbai - MPCB",20-11-2023 12:00:00,19.0630,73.1209,,,,,,,,
Maharashtra,Parbhani,"Masoom Colony, Parbhani - MPCB",20-11-2023 12:00:00,19.265594,76.761463,,,,,,,,
Maharashtra,Pimpri-Chinchwad,"Gavalinagar, Pimpri Chinchwad - MPCB",20-11-2023 12:00:00,18.63673,73.82487,,,,,,,,
Maharashtra,Pimpri-Chinchwad,"Park Street Wakad, Pimpri Chinchwad - MPCB",20-11-2023 12:00:00,18.59051,73.77946,,,,,,,,
Maharashtra,Pimpri-Chinchwad,"Thergaon, Pimpri Chinchwad - MPCB",20-11-2023 12:00:00,18.616318,73.765797,,,,,,,,
Maharashtra,Pune,"Alandi, Pune - IITM",20-11-2023 12:00:00,18.675076,73.892743,,,,,,,,
Maharashtra,Pune,"Bhosari, Pune - IITM",20-11-2023 12:00:00,18.640051,73.848956,,,,,,,,
Maharashtra,Pune,"Karve Road, Pune - MPCB",20-11-2023 12:00:00,18.5011743,73.8165527,,,,,,,,
Maharashtra,Pune,"Mhada Colony, Pune - IITM",20-11-2023 12:00:00,18.573040,73.927715,,,,,,,,
Maharashtra,Pune,"Revenue Colony-Shivajinagar, Pune - IITM",20-11-2023 12:00:00,18.530085,73.849598,,,,,,,,
Maharashtra,Pune,"Savitribai Phule Pune University, Pune - MPCB",20-11-2023 12:00:00,18.547056,73.826908,,,,,,,,
Maharashtra,Sangli,"Vijay Nagar, Sangli - MPCB",20-11-2023 12:00:00, 16.5038,74.3623,,,,,,,,
Maharashtra,Solapur,"Dnyaneshwar Nagar, Solapur - MPCB",20-11-2023 12:00:00,17.6336264,75.9132495,,,,,,,,
Maharashtra,Solapur,"Ratandeep Housing Society, Solapur - MPCB",20-11-2023 12:00:00,17.65439,75.90649,,,,,,,,
Maharashtra,Solapur,"Solapur, Solapur - MPCB",20-11-2023 12:00:00,17.6599188,75.9063906,,,,,,,,
Maharashtra,Thane,"Kasarvadavali, Thane - MPCB",20-11-2023 12:00:00,19.26777,72.97182,,,,,,,,
Maharashtra,Thane,"Pimpleshwar Mandir, Thane - MPCB",20-11-2023 12:00:00,19.192056,72.9585188,,,,,,,,
Maharashtra,Thane,"Upvan Fort, Thane - MPCB",20-11-2023 12:00:00,19.222279,72.957979,,,,,,,,
Maharashtra,Ulhasnagar,"Sidhi Vinayak Nagar, Ulhasnagar - MPCB",20-11-2023 12:00:00,19.235581,73.159121,,,,,,,,
Maharashtra,Virar,"Bolinj, Virar - MPCB",20-11-2023 12:00:00,19.4458210,72.7988231,,,,,,,,
Manipur,Imphal,"DM College of Science, Imphal - Manipur PCB",20-11-2023 12:00:00,24.8207389,93.9423085,,,,,,,,
Meghalaya,Shillong,"JN Stadium, Shillong - Meghalaya PCB",20-11-2023 12:00:00,25.5803419,91.8942571,,,,,,,,
Meghalaya,Shillong,"Lumpyngngad, Shillong - Meghalaya PCB",20-11-2023 12:00:00,25.5586,91.8985,,,,,,,,
Mizoram,Aizawl,"Sikulpuikawn, Aizawl - Mizoram PCB",20-11-2023 12:00:00,23.7176342,92.7192841,,,,,,,,
Nagaland,Kohima,"PWD Juction, Kohima - NPCB",20-11-2023 12:00:00,25.6635413,94.0989878,,,,,,,,
Odisha,Angul,"Hakimapada, Angul - OSPCB",20-11-2023 12:00:00,20.832874,85.104082,,,,,,,,
Odisha,Balasore,"Kalidaspur, Balasore - OSPCB",20-11-2023 12:00:00,21.51161,86.89088,,,,,,,,
Odisha,Barbil,"Forest Office, Barbil - OSPCB",20-11-2023 12:00:00,22.1166054,85.3945546,,,,,,,,
Odisha,Baripada,"Meher Colony, Baripada - OSPCB",20-11-2023 12:00:00,21.941841,86.728318,,,,,,,,
Odisha,Bhubaneswar,"Lingraj Mandir, Bhubaneswar - OSPCB",20-11-2023 12:00:00,20.240790,85.836784,,,,,,,,
Odisha,Bhubaneswar,"Patia, Bhubaneswar - OSPCB",20-11-2023 12:00:00,20.34652,85.81630,,,,,,,,
Odisha,Bileipada,"Tata Township, Bileipada - OSPCB",20-11-2023 12:00:00,22.06156703,85.47409613,,,,,,,,
Odisha,Brajrajnagar,"GM Office, Brajrajnagar - OSPCB",20-11-2023 12:00:00,21.8004996,83.8396977,,,,,,,,
Odisha,Byasanagar,"Ferro Chrome Colony, Byasanagar - OSPCB",20-11-2023 12:00:00,20.94185,86.11510,,,,,,,,
Odisha,Cuttack,"CDA Area, Cuttack - OSPCB",20-11-2023 12:00:00,20.48891     ,85.84768     ,,,,,,,,
Odisha,Keonjhar,"Jagamohanpur, Keonjhar - OSPCB",20-11-2023 12:00:00,21.643900,85.599355,,,,,,,,
Odisha,Nayagarh,"Dabuna, Nayagarh - OSPCB",20-11-2023 12:00:00,21.847279,85.416905,,,,,,,,
Odisha,Rairangpur,"Divisional Forest Office, Rairangpur - OSPCB",20-11-2023 12:00:00,22.265816,86.174829,,,,,,,,
Odisha,Rourkela,"Raghunathpali, Rourkela - OSPCB",20-11-2023 12:00:00,22.220833,84.809444,,,,,,,,
Odisha,Rourkela,"Sector-2, Rourkela - OSPCB",20-11-2023 12:00:00,22.24500000,84.88111111,,,,,,,,
Odisha,Suakati,"OMC Colony, Suakati - OSPCB",20-11-2023 12:00:00,21.606865,85.510538,,,,,,,,
Odisha,Talcher,"Talcher Coalfields,Talcher - OSPCB",20-11-2023 12:00:00,20.9360711,85.1707021,,,,,,,,
Odisha,Tensa,"Barsua Iron Ore Mines, Tensa - OSPCB",20-11-2023 12:00:00,21.869985,85.167016,,,,,,,,
Puducherry,Puducherry,"Jawahar Nagar, Puducherry - PPCC",20-11-2023 12:00:00,11.9309,79.8027,,,,,,,,
Punjab,Amritsar,"Golden Temple, Amritsar - PPCB",20-11-2023 12:00:00,31.620000,74.876512,,,,,,,,
Punjab,Bathinda,"Hardev Nagar, Bathinda - PPCB",20-11-2023 12:00:00,30.233011,74.907758,,,,,,,,
Punjab,Jalandhar,"Civil Line, Jalandhar - PPCB",20-11-2023 12:00:00,31.321907,75.578914,,,,,,,,
Punjab,Khanna,"Kalal Majra, Khanna - PPCB",20-11-2023 12:00:00,30.736056 ,76.209694,,,,,,,,
Punjab,Ludhiana,"Punjab Agricultural University, Ludhiana - PPCB",20-11-2023 12:00:00,30.9028,75.8086,,,,,,,,
Punjab,Mandi Gobindgarh,"RIMT University, Mandi Gobindgarh - PPCB",20-11-2023 12:00:00,30.649961,76.331442,,,,,,,,
Punjab,Patiala,"Model Town, Patiala - PPCB",20-11-2023 12:00:00,30.349388,76.366642,,,,,,,,
Punjab,Rupnagar,"Ratanpura, Rupnagar - Ambuja Cements",20-11-2023 12:00:00,31.0325454,76.5623046,,,,,,,,
Rajasthan,Ajmer,"Civil Lines,  Ajmer - RSPCB",20-11-2023 12:00:00,26.470859,74.646594,,,,,,,,
Rajasthan,Alwar,"Moti Doongri, Alwar - RSPCB",20-11-2023 12:00:00,27.554793,76.611536,,,,,,,,
Rajasthan,Banswara,"Rati Talai, Banswara - RSPCB",20-11-2023 12:00:00,23.555190,74.440010,,,,,,,,
Rajasthan,Baran,"Bamboliya, Baran - RSPCB",20-11-2023 12:00:00,25.106006,76.469948,,,,,,,,
Rajasthan,Barmer,"Railway Colony, Barmer - RSPCB",20-11-2023 12:00:00,25.747299,71.393989,,,,,,,,
Rajasthan,Bharatpur,"Krishna Nagar, Bharatpur - RSPCB",20-11-2023 12:00:00,27.215415,77.50873,,,,,,,,
Rajasthan,Bhilwara,"Pratap Nagar, Bhilwara - RSPCB",20-11-2023 12:00:00,25.339605,74.618883,,,,,,,,
Rajasthan,Bhiwadi,"RIICO Ind. Area III, Bhiwadi - RSPCB",20-11-2023 12:00:00,28.194909,76.862296,,,,,,,,
Rajasthan,Bikaner,"MM Ground, Bikaner - RSPCB",20-11-2023 12:00:00,28.018792,73.292658,,,,,,,,
Rajasthan,Bundi,"New Colony, Bundi - RSPCB",20-11-2023 12:00:00,25.435774,75.644272,,,,,,,,
Rajasthan,Chittorgarh,"Shastri Nagar, Chittorgarh - RSPCB",20-11-2023 12:00:00,24.892047,74.623527,,,,,,,,
Rajasthan,Churu,"Subash Chowk, Churu - RSPCB",20-11-2023 12:00:00,28.296139,74.961696,,,,,,,,
Rajasthan,Dausa,"Khatikan Mohalla, Dausa - RSPCB",20-11-2023 12:00:00,26.895552,76.334753,,,,,,,,
Rajasthan,Dholpur,"Raja Ganj, Dholpur - RSPCB",20-11-2023 12:00:00,26.699557,77.898881,,,,,,,,
Rajasthan,Dungarpur,"Bhoiwada, Dungarpur - RSPCB",20-11-2023 12:00:00,23.837789,73.714926,,,,,,,,
Rajasthan,Hanumangarh,"Housing Board, Hanumangarh - RSPCB",20-11-2023 12:00:00,29.610750,74.283608,,,,,,,,
Rajasthan,Jaipur,"Adarsh Nagar, Jaipur - RSPCB",20-11-2023 12:00:00,26.902909,75.836858,,,,,,,,
Rajasthan,Jaipur,"Mansarovar Sector-12, Jaipur - RSPCB",20-11-2023 12:00:00,26.843698,75.766894,,,,,,,,
Rajasthan,Jaipur,"Police Commissionerate, Jaipur - RSPCB",20-11-2023 12:00:00,26.9164092,75.7994901,,,,,,,,
Rajasthan,Jaipur,"RIICO Sitapura, Jaipur - RSPCB",20-11-2023 12:00:00,26.786682,75.827928,,,,,,,,
Rajasthan,Jaipur,"Sector-2 Murlipura, Jaipur - RSPCB",20-11-2023 12:00:00,26.960669,75.771817,,,,,,,,
Rajasthan,Jaipur,"Shastri Nagar, Jaipur - RSPCB",20-11-2023 12:00:00,26.9502929,75.730943,,,,,,,,
Rajasthan,Jaisalmer,"Sadar Bazar, Jaisalmer - RSPCB",20-11-2023 12:00:00,26.912329,70.909168,,,,,,,,
Rajasthan,Jalore,"Mudtra Sili, Jalore - RSPCB",20-11-2023 12:00:00,25.344694,72.626208,,,,,,,,
Rajasthan,Jhalawar,"Rajlaxmi Nagar, Jhalawar - RSPCB",20-11-2023 12:00:00,24.588397,76.172782,,,,,,,,
Rajasthan,Jhunjhunu,"Indra Nagar, Jhunjhunu - RSPCB",20-11-2023 12:00:00,28.108988,75.386577,,,,,,,,
Rajasthan,Jodhpur,"Collectorate, Jodhpur - RSPCB",20-11-2023 12:00:00,26.268249,73.0193853,,,,,,,,
Rajasthan,Jodhpur,"Digari Kalan, Jodhpur - RSPCB",20-11-2023 12:00:00,26.295810,73.082283,,,,,,,,
Rajasthan,Jodhpur,"Jhalamand, Jodhpur - RSPCB",20-11-2023 12:00:00,26.215415,73.070156,,,,,,,,
Rajasthan,Jodhpur,"Mandor, Jodhpur - RSPCB",20-11-2023 12:00:00,26.358805,73.047444,,,,,,,,
Rajasthan,Jodhpur,"Samrat Ashok Udhyan, Jodhpur - RSPCB",20-11-2023 12:00:00,26.253384,72.976571,,,,,,,,
Rajasthan,Karauli,"Satyawati Vihar, Karauli - RSPCB",20-11-2023 12:00:00,26.506177,77.025989,,,,,,,,
Rajasthan,Kota,"Dhanmandi, Kota - RSPCB",20-11-2023 12:00:00,25.164090,75.858137,,,,,,,,
Rajasthan,Kota,"Nayapura, Kota - RSPCB",20-11-2023 12:00:00,25.196024,75.855668,,,,,,,,
Rajasthan,Kota,"Shrinath Puram, Kota - RSPCB",20-11-2023 12:00:00,25.14389,75.821256,,,,,,,,
Rajasthan,Nagaur,"Karni Colony, Nagaur - RSPCB",20-11-2023 12:00:00,27.213494,73.734444,,,,,,,,
Rajasthan,Pali,"Indira Colony Vistar, Pali - RSPCB",20-11-2023 12:00:00,25.771061, 73.340227,,,,,,,,
Rajasthan,Pratapgarh,"Pragati Nagar, Pratapgarh - RSPCB",20-11-2023 12:00:00,24.041198,74.780702,,,,,,,,
Rajasthan,Rajsamand,"Dhoinda, Rajsamand - RSPCB",20-11-2023 12:00:00,25.036360,73.883502,,,,,,,,
Rajasthan,Sawai Madhopur,"Sahu Nagar, Sawai Madhopur - RSPCB",20-11-2023 12:00:00,26.031443,76.359327,,,,,,,,
Rajasthan,Sikar,"Radhakishan Pura, Sikar - RSPCB",20-11-2023 12:00:00,27.608912,75.153302,,,,,,,,
Rajasthan,Sirohi,"Vedhaynath Colony, Sirohi - RSPCB",20-11-2023 12:00:00,24.885261,72.857549,,,,,,,,
Rajasthan,Sri Ganganagar,"Old City, Sri Ganganagar - RSPCB",20-11-2023 12:00:00,29.931624,73.864511,,,,,,,,
Rajasthan,Tonk,"Shastri Nagar, Tonk - RSPCB",20-11-2023 12:00:00,26.159933,75.780517,,,,,,,,
Rajasthan,Udaipur,"Ashok Nagar, Udaipur - RSPCB",20-11-2023 12:00:00,24.5886166,73.6321397,,,,,,,,
Sikkim,Gangtok,"Zero Point GICI, Gangtok - SSPCB",20-11-2023 12:00:00,27.338530,88.614099,,,,,,,,
TamilNadu,Ariyalur,"Keelapalur, Ariyalur - TNPCB",20-11-2023 12:00:00,11.06825,79.07033,,,,,,,,
TamilNadu,Chengalpattu,"Crescent University, Chengalpattu - TNPCB",20-11-2023 12:00:00,12.8777316,80.0834807,,,,,,,,
TamilNadu,Chennai,"Alandur Bus Depot, Chennai - CPCB",20-11-2023 12:00:00,12.9099161,80.1076538,,,,,,,,
TamilNadu,Chennai,"Arumbakkam, Chennai - TNPCB",20-11-2023 12:00:00,13.0664,80.2112 ,,,,,,,,
TamilNadu,Chennai,"Gandhi Nagar_Ennore, Chennai - TNPCB",20-11-2023 12:00:00,13.218341,80.32027,,,,,,,,
TamilNadu,Chennai,"Kodungaiyur, Chennai - TNPCB",20-11-2023 12:00:00,13.1278,80.2642,,,,,,,,
TamilNadu,Chennai,"Manali, Chennai - CPCB",20-11-2023 12:00:00,13.164544,80.26285,,,,,,,,
TamilNadu,Chennai,"Perungudi, Chennai - TNPCB",20-11-2023 12:00:00,12.9533,80.2357,,,,,,,,
TamilNadu,Chennai,"Royapuram, Chennai - TNPCB",20-11-2023 12:00:00,13.1036,80.2909,,,,,,,,
TamilNadu,Chennai,"Velachery Res. Area, Chennai - CPCB",20-11-2023 12:00:00,13.0052189,80.2398125,,,,,,,,
TamilNadu,Coimbatore,"PSG College of Arts and Science, Coimbatore - TNPCB",20-11-2023 12:00:00,11.0328,77.0349,,,,,,,,
TamilNadu,Cuddalore,"Kudikadu, Cuddalore - TNPCB",20-11-2023 12:00:00,11.6829898,79.7532099,,,,,,,,
TamilNadu,Cuddalore,"Semmandalam, Cuddalore - TNPCB",20-11-2023 12:00:00,11.7637683,79.7499835,,,,,,,,
TamilNadu,Gummidipoondi,"Anthoni Pillai Nagar, Gummidipoondi - TNPCB",20-11-2023 12:00:00,13.4127,80.1081,,,,,,,,
TamilNadu,Hosur,"SIPCOT Phase-1, Hosur - TNPCB",20-11-2023 12:00:00,12.746998,77.813811,,,,,,,,
TamilNadu,Ooty,"Bombay Castel, Ooty - TNPCB",20-11-2023 12:00:00,11.4068288,76.7138973,,,,,,,,
TamilNadu,Ramanathapuram,"Chalai Bazaar, Ramanathapuram - TNPCB",20-11-2023 12:00:00,9.36399,78.831977,,,,,,,,
TamilNadu,Salem,"Sona College of Technology, Salem - TNPCB",20-11-2023 12:00:00,11.679111,78.125052,,,,,,,,
TamilNadu,Thoothukudi,"Meelavittan, Thoothukudi - TNPCB",20-11-2023 12:00:00,8.816428 ,78.099039,,,,,,,,
TamilNadu,Vellore,"Vasanthapuram, Vellore - TNPCB",20-11-2023 12:00:00,12.909494,79.131861,,,,,,,,
Telangana,Hyderabad,"Bollaram Industrial Area, Hyderabad - TSPCB",20-11-2023 12:00:00,17.540891,78.358528,,,,,,,,
Telangana,Hyderabad,"Central University, Hyderabad - TSPCB",20-11-2023 12:00:00,17.460103,78.334361,,,,,,,,
Telangana,Hyderabad,"ECIL Kapra, Hyderabad - TSPCB",20-11-2023 12:00:00,17.470431,78.566959,,,,,,,,
Telangana,Hyderabad,"ICRISAT Patancheru, Hyderabad - TSPCB",20-11-2023 12:00:00,17.518400,78.278777,,,,,,,,
Telangana,Hyderabad,"IDA Pashamylaram, Hyderabad - TSPCB",20-11-2023 12:00:00,17.5316895,78.218939,,,,,,,,
Telangana,Hyderabad,"IITH Kandi, Hyderabad - TSPCB",20-11-2023 12:00:00,17.585705,78.126199,,,,,,,,
Telangana,Hyderabad,"Kokapet, Hyderabad - TSPCB",20-11-2023 12:00:00,17.393559,78.339194,,,,,,,,
Telangana,Hyderabad,"Kompally Municipal Office, Hyderabad - TSPCB",20-11-2023 12:00:00,17.544899,78.486949,,,,,,,,
Telangana,Hyderabad,"Nacharam_TSIIC IALA, Hyderabad - TSPCB",20-11-2023 12:00:00,17.429398,78.569354,,,,,,,,
Telangana,Hyderabad,"New Malakpet, Hyderabad - TSPCB",20-11-2023 12:00:00,17.37206,78.50864,,,,,,,,
Telangana,Hyderabad,"Ramachandrapuram, Hyderabad - TSPCB",20-11-2023 12:00:00,17.528544,78.286195,,,,,,,,
Telangana,Hyderabad,"Sanathnagar, Hyderabad - TSPCB",20-11-2023 12:00:00,17.4559458,78.4332152,,,,,,,,
Telangana,Hyderabad,"Somajiguda, Hyderabad - TSPCB",20-11-2023 12:00:00,17.417094,78.457437,,,,,,,,
Telangana,Hyderabad,"Zoo Park, Hyderabad - TSPCB",20-11-2023 12:00:00,17.349694,78.451437,,,,,,,,
Tripura,Agartala,"Bardowali, Agartala - Tripura SPCB",20-11-2023 12:00:00,23.8175497,91.2726974,,,,,,,,
Uttar_Pradesh,Agra,"Manoharpur, Agra - UPPCB",20-11-2023 12:00:00,27.23711,78.01936,,,,,,,,
Uttar_Pradesh,Agra,"Rohta, Agra - UPPCB",20-11-2023 12:00:00,27.106972,78.000111,,,,,,,,
Uttar_Pradesh,Agra,"Sanjay Palace, Agra - UPPCB",20-11-2023 12:00:00,27.19865833,78.00598056,,,,,,,,
Uttar_Pradesh,Agra,"Sector-3B Avas Vikas Colony, Agra - UPPCB",20-11-2023 12:00:00,27.19412,77.96237,,,,,,,,
Uttar_Pradesh,Agra,"Shahjahan Garden, Agra - UPPCB",20-11-2023 12:00:00,27.169338,78.03582,,,,,,,,
Uttar_Pradesh,Agra,"Shastripuram, Agra - UPPCB",20-11-2023 12:00:00,27.19862,77.92066,,,,,,,,
Uttar_Pradesh,Baghpat,"Sardar Patel Inter College, Baghpat - UPPCB",20-11-2023 12:00:00,28.964949,77.278761,,,,,,,,
Uttar_Pradesh,Bareilly,"Civil Lines, Bareilly - UPPCB",20-11-2023 12:00:00,28.359581,79.414455,,,,,,,,
Uttar_Pradesh,Bareilly,"Rajendra Nagar, Bareilly - UPPCB",20-11-2023 12:00:00,28.38910936,79.42963708,,,,,,,,
Uttar_Pradesh,Bulandshahr,"Yamunapuram, Bulandshahr - UPPCB",20-11-2023 12:00:00,28.406963,77.849831,,,,,,,,
Uttar_Pradesh,Firozabad,"Nagla Bhau, Firozabad - UPPCB",20-11-2023 12:00:00,27.168897,78.376960,,,,,,,,
Uttar_Pradesh,Firozabad,"Vibhab Nagar, Firozabad - UPPCB",20-11-2023 12:00:00,27.1594,78.3953,,,,,,,,
Uttar_Pradesh,Ghaziabad,"Indirapuram, Ghaziabad - UPPCB",20-11-2023 12:00:00,28.646233,77.358075,,,,,,,,
Uttar_Pradesh,Ghaziabad,"Loni, Ghaziabad - UPPCB",20-11-2023 12:00:00,28.757294,77.278792,,,,,,,,
Uttar_Pradesh,Ghaziabad,"Sanjay Nagar, Ghaziabad - UPPCB",20-11-2023 12:00:00,28.685382,77.453839,,,,,,,,
Uttar_Pradesh,Ghaziabad,"Vasundhara, Ghaziabad - UPPCB",20-11-2023 12:00:00,28.6603346,77.3572563,,,,,,,,
Uttar_Pradesh,Gorakhpur,"Madan Mohan Malaviya University of Technology, Gorakhpur - UPPCB",20-11-2023 12:00:00,26.730136,83.433859,,,,,,,,
Uttar_Pradesh,Greater Noida,"Knowledge Park - III, Greater Noida - UPPCB",20-11-2023 12:00:00,28.47272,77.482000,,,,,,,,
Uttar_Pradesh,Greater Noida,"Knowledge Park - V, Greater Noida - UPPCB",20-11-2023 12:00:00,28.557054,77.453663,,,,,,,,
Uttar_Pradesh,Hapur,"Anand Vihar, Hapur - UPPCB",20-11-2023 12:00:00,28.725645,77.749675,,,,,,,,
Uttar_Pradesh,Jhansi,"Shivaji Nagar, Jhansi - UPPCB",20-11-2023 12:00:00,25.4547,78.6039,,,,,,,,
Uttar_Pradesh,Kanpur,"FTI Kidwai Nagar, Kanpur - UPPCB",20-11-2023 12:00:00,26.428282,80.327067,,,,,,,,
Uttar_Pradesh,Kanpur,"NSI Kalyanpur, Kanpur - UPPCB",20-11-2023 12:00:00,26.509954,80.249612,,,,,,,,
Uttar_Pradesh,Kanpur,"Nehru Nagar, Kanpur - UPPCB",20-11-2023 12:00:00,26.4703136,80.3229863,,,,,,,,
Uttar_Pradesh,Khurja,"Kalindi Kunj, Khurja - UPPCB",20-11-2023 12:00:00,28.2348927,77.8683002,,,,,,,,
Uttar_Pradesh,Lucknow,"B R Ambedkar University, Lucknow - UPPCB",20-11-2023 12:00:00,26.766433,80.927299,,,,,,,,
Uttar_Pradesh,Lucknow,"Gomti Nagar, Lucknow - UPPCB",20-11-2023 12:00:00,26.868120,81.005119,,,,,,,,
Uttar_Pradesh,Lucknow,"Kendriya Vidyalaya, Lucknow - CPCB",20-11-2023 12:00:00,26.906111,80.948222,,,,,,,,
Uttar_Pradesh,Lucknow,"Kukrail Picnic Spot-1, Lucknow - UPPCB",20-11-2023 12:00:00,26.90723,80.98579,,,,,,,,
Uttar_Pradesh,Lucknow,"Lalbagh, Lucknow - CPCB",20-11-2023 12:00:00,26.8458805,80.9365541,,,,,,,,
Uttar_Pradesh,Lucknow,"Talkatora District Industries Center, Lucknow - CPCB",20-11-2023 12:00:00,26.83399722,80.8917361,,,,,,,,
Uttar_Pradesh,Meerut,"Ganga Nagar, Meerut - UPPCB",20-11-2023 12:00:00,28.999264,77.7590354,,,,,,,,
Uttar_Pradesh,Meerut,"Jai Bhim Nagar, Meerut - UPPCB",20-11-2023 12:00:00,28.9535882,77.7622941,,,,,,,,
Uttar_Pradesh,Meerut,"Pallavpuram Phase 2, Meerut - UPPCB",20-11-2023 12:00:00,29.063510,77.709723,,,,,,,,
Uttar_Pradesh,Moradabad,"Buddhi Vihar, Moradabad - UPPCB",20-11-2023 12:00:00,28.83526,78.74460,,,,,,,,
Uttar_Pradesh,Moradabad,"Eco Herbal Park, Moradabad - UPPCB",20-11-2023 12:00:00,28.840739,78.697531,,,,,,,,
Uttar_Pradesh,Moradabad,"Employment Office, Moradabad - UPPCB",20-11-2023 12:00:00,28.88528,78.73880,,,,,,,,
Uttar_Pradesh,Moradabad,"Jigar Colony, Moradabad - UPPCB",20-11-2023 12:00:00,28.856664,78.772638,,,,,,,,
Uttar_Pradesh,Moradabad,"Kashiram Nagar, Moradabad - UPPCB",20-11-2023 12:00:00,28.849399,78.742362,,,,,,,,
Uttar_Pradesh,Moradabad,"Transport Nagar, Moradabad - UPPCB",20-11-2023 12:00:00,28.802625,78.753728,,,,,,,,
Uttar_Pradesh,Muzaffarnagar,"New Mandi, Muzaffarnagar - UPPCB",20-11-2023 12:00:00,29.4723508,77.7194031,,,,,,,,
Uttar_Pradesh,Noida,"Sector - 125, Noida - UPPCB",20-11-2023 12:00:00,28.5447608,77.3231257,,,,,,,,
Uttar_Pradesh,Noida,"Sector - 62, Noida - IMD",20-11-2023 12:00:00,28.6245479,77.3577104,,,,,,,,
Uttar_Pradesh,Noida,"Sector-1, Noida - UPPCB",20-11-2023 12:00:00,28.5898,77.3101,,,,,,,,
Uttar_Pradesh,Noida,"Sector-116, Noida - UPPCB",20-11-2023 12:00:00,28.569230,77.393848,,,,,,,,
Uttar_Pradesh,Prayagraj,"Jhunsi, Prayagraj - UPPCB",20-11-2023 12:00:00,25.425602,81.917152,,,,,,,,
Uttar_Pradesh,Prayagraj,"Motilal Nehru NIT, Prayagraj - UPPCB",20-11-2023 12:00:00,25.494,81.863,,,,,,,,
Uttar_Pradesh,Prayagraj,"Nagar Nigam, Prayagraj - UPPCB",20-11-2023 12:00:00,25.44919916 ,81.82735986 ,,,,,,,,
Uttar_Pradesh,Varanasi,"Ardhali Bazar, Varanasi - UPPCB",20-11-2023 12:00:00,25.3505986,82.9083074,,,,,,,,
Uttar_Pradesh,Varanasi,"Bhelupur, Varanasi - UPPCB",20-11-2023 12:00:00,25.301778,82.996789,,,,,,,,
Uttar_Pradesh,Varanasi,"IESD Banaras Hindu University, Varanasi - UPPCB",20-11-2023 12:00:00,25.262326,82.995408,,,,,,,,
Uttar_Pradesh,Varanasi,"Maldahiya, Varanasi - UPPCB",20-11-2023 12:00:00,25.32393,82.99687,,,,,,,,
Uttar_Pradesh,Vrindavan,"Omex Eternity, Vrindavan - UPPCB",20-11-2023 12:00:00,27.5714090,77.6557570,,,,,,,,
Uttarakhand,Dehradun,"Doon University, Dehradun - UKPCB",20-11-2023 12:00:00,30.269444,78.044167,,,,,,,,
Uttarakhand,Kashipur,"Govt. Girls Inter College, Kashipur - UKPCB",20-11-2023 12:00:00,29.2124114,78.9611753,,,,,,,,
Uttarakhand,Rishikesh,"Shivaji Nagar, Rishikesh - UKPCB",20-11-2023 12:00:00,30.075911,78.2859547,,,,,,,,
West_Bengal,Asansol,"Asansol Court Area, Asansol - WBPCB",20-11-2023 12:00:00,23.685297,86.945968,,,,,,,,
West_Bengal,Durgapur,"Sidhu Kanhu Indoor Stadium, Durgapur - WBPCB",20-11-2023 12:00:00,23.5404352,87.2892225,,,,,,,,
West_Bengal,Haldia,"Priyambada Housing Estate, Haldia - WBPCB",20-11-2023 12:00:00,22.06047,88.109737,,,,,,,,
West_Bengal,Howrah,"Belur Math, Howrah - WBPCB",20-11-2023 12:00:00,22.629801,88.352017,,,,,,,,
West_Bengal,Howrah,"Ghusuri, Howrah - WBPCB",20-11-2023 12:00:00,22.611968,88.347422,,,,,,,,
West_Bengal,Howrah,"Padmapukur, Howrah - WBPCB",20-11-2023 12:00:00,22.5687319,88.2797276,,,,,,,,
West_Bengal,Kolkata,"Ballygunge, Kolkata - WBPCB",20-11-2023 12:00:00,22.5367507,88.3638022,,,,,,,,
West_Bengal,Kolkata,"Bidhannagar, Kolkata - WBPCB",20-11-2023 12:00:00,22.58157048,88.41002457,,,,,,,,
West_Bengal,Kolkata,"Fort William, Kolkata - WBPCB",20-11-2023 12:00:00,22.556640,88.342674,,,,,,,,
West_Bengal,Kolkata,"Jadavpur, Kolkata - WBPCB",20-11-2023 12:00:00,22.49929,88.36917,,,,,,,,
West_Bengal,Kolkata,"Rabindra Bharati University, Kolkata - WBPCB",20-11-2023 12:00:00,22.627847,88.380669,,,,,,,,
West_Bengal,Kolkata,"Rabindra Sarobar, Kolkata - WBPCB",20-11-2023 12:00:00,22.51106,88.35142,,,,,,,,
West_Bengal,Kolkata,"Victoria, Kolkata - WBPCB",20-11-2023 12:00:00,22.5448082,88.3403691,,,,,,,,
West_Bengal,Siliguri,"Ward-32 Bapupara, Siliguri - WBPCB",20-11-2023 12:00:00,26.6879226,88.4152495,,,,,,,,
