StudyHours,Attendance,SleepHours,PreviousScore,Pass
0.9156994724874861,45.027152204318995,7.593713690941459,78.3014463275292,0
9.359025506881375,71.56917452537039,8.387322685177129,77.10740896665223,1
5.2609107772907215,62.9040764959547,8.46225947396486,92.80747839697425,1
8.681582133971295,89.09772856348567,8.04698893460473,53.90215361113092,1
11.735874143959233,57.038324231132826,7.320772863070779,68.30240167141584,1
6.461950444925204,63.97994099895894,6.601928479858183,44.95181117950396,0
6.013445563919255,47.19992434654319,8.811125149701022,53.296441457129376,0
0.8646136003171385,70.17225579561091,4.796661331993345,87.5295242012576,0
3.221267761222454,97.30129430911136,5.694932782401118,97.46044656732967,1
5.998590009906719,55.95381239972767,8.69076723946842,52.95490719641851,0
8.150759953451285,87.4498978743144,9.33448378638138,83.31929579010907,1
9.644868433252505,49.837366846196716,7.972837056851035,67.63347014947139,1
4.571293597782461,93.15417638343246,4.299185705217608,78.48137671583339,0
0.7912361628708613,70.75799111413009,8.982849342538017,55.64701172121584,0
3.4577471916959226,47.54848989707221,9.810722754005408,54.737096082280765,0
10.915122332635363,86.96179816709018,6.762222929923523,44.43668560481501,1
2.560624242958986,93.25520268508018,6.342202131864248,65.10165151884337,0
5.425487541812197,48.70367011556162,6.113854511407096,33.9051631169134,0
11.174472236268262,47.04495521871431,7.639368429992796,90.22252854812444,1
0.29879073060417616,55.08330790750546,5.018334924571777,47.081036103317224,0
7.20658700956947,70.89690660792303,4.807716804346331,74.36297188800681,1
11.401554004963748,97.00662084347604,9.945046565964638,65.4128625672563,1
2.7636345482515776,91.63595075808605,7.00622278439676,54.319314194746006,0
6.581879030832365,59.47755852417734,7.088617550365058,96.0679302362431,1
10.909540498640775,42.2355989249583,5.808366714502052,89.42690341155401,1
1.598033349111002,75.7424717338705,4.268031178617729,81.47497245619692,0
6.28095096808519,74.48572442714024,4.387142385770823,38.28415164379598,0
9.004918309224418,54.49226452819014,4.3537100712058345,62.36489008532872,1
8.028158890606965,76.21363963035266,8.218521428629334,75.57535720339601,1
5.6130343169397685,98.89565822822082,8.678313866932843,36.67682432399895,0
2.458189083573541,48.663217098405106,9.707391656491938,78.70623144345188,0
5.889190669092845,58.88814240586907,9.883852732480804,87.1502615140616,1
4.468616272620707,90.8760130545898,4.907153570205962,96.44392587465279,1
5.728813858219061,49.550493317006755,4.090626647063446,65.14351533342962,0
4.390684629367115,47.72612775606545,8.106335513147053,32.01068750866026,0
10.055015931711127,50.321311465586334,5.752522409729122,44.56224146130271,1
9.22377007823411,86.18185302823944,9.53538341298033,86.36830174261868,1
3.767936126551946,47.64580188948538,6.925917107175989,40.38621812392107,0
6.871503991727447,45.467475063847886,6.629370819015333,73.56102792962076,1
3.312588579968341,77.61742766757622,6.52345943350657,75.72427895250284,0
5.434115190556804,86.00981064123559,5.841855320076939,61.11783709972851,0
4.235740391332737,85.38078607931273,7.3838699451288425,84.96275070395303,1
7.8887935533570985,65.98617403481028,5.108910543689129,38.60060820783272,0
4.4442129958564225,94.99601791105867,9.862982036068193,73.4058584859461,1
5.509115734697177,49.05251733233291,8.839341537522943,56.633774150640164,0
8.631889470108499,66.49129316268841,9.1201372532233,90.02739197253655,1
4.955901949366015,62.15722931487711,9.67537548821682,57.7398708753903,0
10.877079229972065,72.77116152883941,8.09637198177451,43.22007578139454,1
2.165419430432179,51.59573571116847,9.41110111808946,54.11311088505154,0
8.89342647495917,48.82737349572261,8.430883109029278,66.7479764662782,1
5.068488523717685,99.00150009711038,6.845170977713966,35.61099277921129,0
5.117442872219308,58.12757064501969,4.1257896854305605,90.4632646996618,0
7.612558423606066,69.98211343591191,7.091953793600525,75.58514114276781,1
6.274874412340143,94.97610111394616,7.236932578382829,51.892022610052365,1
4.978631741273318,58.159111824055195,8.418285253059407,72.56667624333387,1
0.01712256675309831,61.995761217621045,9.2131727188887,98.86021535070917,0
1.107148150161025,73.7893075695927,7.772151507897366,72.19642177631013,0
8.512732724702552,44.083742506688694,4.523018217962586,58.438224466561266,0
6.292147161182367,41.40262801179291,4.549672211874083,77.70116755531531,0
8.353925562203628,77.96551508833237,9.226128134054056,82.93833810535534,1
11.465619876035111,62.25287862607238,9.285658317409132,78.06578448958874,1
8.19496625250501,44.77007357658412,6.403473260358021,44.77535250472956,0
0.6375442880754907,57.19826431178638,4.409662286552161,31.464962065005732,0
3.7062322183655656,81.60738561414614,4.644206276910258,52.18202074248991,0
7.111136247880475,85.57639854846175,4.686058876952934,60.42941350215338,1
2.8214448870895716,70.3237684654601,9.4822190569062,88.19277278378192,1
11.579651994433522,53.245849149890375,6.4382002581017765,36.184176809310735,1
11.340578685513526,90.36976245276543,6.782435887618868,89.0544172315993,1
10.180810570052264,52.46158097501045,8.91417785259431,34.16376826986571,1
5.667887955460827,85.41493299133185,5.460406174094914,51.97418822281562,0
10.097720578780766,49.19343864131032,7.195838127607551,58.282477769567386,1
1.573327708174967,96.09118802496644,7.469609337128321,95.21899332733607,0
3.704803887574025,86.4022469213237,6.490354783111035,96.43373804306415,1
5.555956729853005,70.0743856620716,4.723196845868371,32.847945067902714,0
8.902166408201602,66.05027772038204,6.542863885543367,43.716257308446394,1
5.82990274450676,74.37854489373552,4.672256039070903,61.37521753717931,0
1.6425134255694105,79.66685961734618,5.904469551415437,49.06856405564193,0
4.1224383564522995,73.47295973776323,6.402071805020743,96.73540439310172,1
3.8931140360693157,81.74903055106464,5.142051608699346,72.85192958771596,0
3.605026851816477,45.26086282864918,9.984223030723022,52.85890684177914,0
1.9860168055894492,65.03017882329628,8.1392627870617,71.97992409629028,0
4.978821270879024,85.20893175991216,9.588546202162906,77.21084213873442,1
5.3774478900326805,66.30111928061041,9.592169992317515,89.96337222176653,1
9.298804509768207,98.23985671961549,5.7215763225715355,92.1269786183986,1
9.556688409390581,72.03908886821364,4.869993123033973,59.48642939918175,1
6.268681536019343,58.65717586723795,9.950378901313393,83.08577938384525,1
5.527563553959323,93.52505541915937,7.061129681966397,98.14488111204558,1
9.33856321852676,65.33317193305845,8.061771403618977,67.36458522420524,1
10.647467422232818,72.77114323136283,9.198798350696169,81.21316159509263,1
8.099025238401452,78.4824505308776,6.039394371110047,64.22032237528765,1
9.605748587981562,91.36048979835742,7.553454648473931,56.785352892464275,1
11.269336244786224,52.566321150457085,5.794250431240407,44.2366891966937,1
0.48786971324022943,92.42803236990505,5.292087650820896,36.38353474486209,0
10.508060698441,74.42390125946972,4.206559516299254,52.71485281521518,1
3.3187568694136105,61.986665742118646,5.4142003263994845,54.83008705775316,0
5.709173993090931,60.1147082227648,5.496018586408172,69.89878939974227,0
9.561131483182827,98.90684783078058,8.48326266549988,76.93642129767076,1
8.60690678730276,96.82479064294964,7.097525127945308,79.75466751476387,1
1.7657708633003164,72.73620071040902,8.638812886178163,83.84072773081803,0
7.904979107449746,60.78212426826772,5.717384364660224,70.0591288364753,1
0.8310248401180256,98.43270979122767,5.27768292132908,65.85071113563829,0
4.284847540234548,40.980457961825685,7.467843859496988,72.81955867172968,0
9.753954601964475,42.93551520704858,5.626823549210714,79.17710291947282,1
5.132457996330607,69.19641421340884,8.522806168319327,89.1893670572615,1
7.198253250521356,75.21946654599319,6.291686895448634,47.6314717697964,0
8.737935397765606,40.39286941785931,5.684248421240218,90.13245123501132,1
9.854731299678715,51.24969300394076,8.520504752190426,43.85801854148204,1
9.126181439763396,45.17227735986823,5.132706359771054,31.21828280268347,0
0.08571930334798195,54.988139891225075,8.349132261257424,85.76744429286302,0
5.0430820040704205,50.972609947527,6.338846402348414,46.151945084811324,0
5.557634616457768,47.457022139954915,4.510625475554447,88.69735649650869,0
0.665994037352672,47.767541510791546,7.766332398840892,54.971838634127096,0
6.497305585142636,62.28352866822665,7.655413051790003,54.69963409571627,0
7.293249017326406,47.724245281981894,4.599688742851458,90.88064896288179,1
9.941438339953503,86.40531253373311,6.760355167187301,83.12067202762557,1
11.301711218297381,64.16696761870315,6.776551272887775,34.08308886899172,1
1.5377742480327945,47.00950743912349,8.295274041524687,96.10061489562268,0
2.7651680929226337,79.08099012305296,5.1798823997025245,44.58609088432799,0
7.90990076484673,87.29104287761268,7.358315567486582,76.66089180397935,1
1.5896878658009825,61.57923017977183,9.954018753733962,95.83762218048274,0
2.6889436433558322,40.368076551646645,4.094085080435259,88.9655439225576,0
6.898351051069789,79.01008039725264,8.299777104497531,64.18022226233101,1
2.03428468279451,85.23939520169438,6.097957454805055,96.29927477738296,0
9.38676181588534,93.35747193832468,6.911385085059087,78.00133353604366,1
10.283707513341122,82.78908596587208,5.692753787799469,47.49616280102251,1
0.4040904540341783,75.81069021092665,6.760515689646192,97.49807373888457,0
6.391737659324083,60.58505770982799,6.973601257221399,69.70565766175366,1
9.563416289322772,54.630036018384374,9.519906315146567,52.56314378045333,1
11.701676173885389,43.89247562282236,9.239629759068844,60.41756064809458,1
3.291103118333055,89.15821776037305,9.58232808814332,43.57795699419056,0
2.0292127603846,73.61823287178291,9.806853765904009,70.14716987963824,0
10.520411162179624,57.27377364196061,6.3675594047714315,69.66717065045158,1
10.910189565130183,47.47898901057652,8.684989267041836,41.17407187167675,1
2.3703946736058823,57.30168984743652,9.34014617337624,59.03751096970322,0
5.298356912431677,85.46700983235074,4.7021313008081895,48.64033974017656,0
8.630785700308039,52.94743741541726,8.357134652656647,92.6894504687567,1
10.14414190516768,43.12616117218405,7.462155686742119,43.638737833456176,1
2.019303664406932,62.8028647129707,5.192468990794398,72.58500399806609,0
7.9796275548571325,60.14859244800758,7.789166312352206,74.80996401554404,1
9.694025511552834,81.82237692384115,8.128398990790764,72.2583849166875,1
6.5965694496087295,73.36004806219805,7.9223459570966694,56.117246745501205,1
1.9765999053481544,68.36263766196707,4.036526395155643,47.122896756635534,0
0.4263456579643603,98.56446686877652,9.549008666381408,30.578123823237267,0
3.378405814181925,90.64730654647482,6.108071112691865,44.327766811590706,0
9.694450157442619,47.689124727524444,8.812332573657235,86.98522301680626,1
0.5371951301416682,54.90367954139018,4.925708866737583,49.46004453624748,0
0.09859806047174446,65.16183774554798,7.6128312733779,67.37837350710129,0
4.339399772544687,44.29140405252714,4.348018351862511,50.82676405336154,0
0.7634674283826226,85.48851778749275,7.3412428580187985,34.496949776004904,0
1.7938356398907649,86.09042961750778,7.884686148342553,59.50211349592769,0
0.27828441719234576,57.5454804134732,6.324186777496919,99.46468394479074,0
6.2966380412235825,94.32132511886526,8.3093577041152,58.120187307374344,1
8.360350826272954,73.1490443425586,6.846496655204663,53.35147952484853,1
5.124641916164732,53.41681830333984,4.3385320662210916,70.10877883435775,0
1.6148455037362517,77.28964134466187,4.234007841712838,55.09933890536131,0
3.976286531548868,80.35416452098383,4.304550014592911,46.52343451052551,0
7.0841502516760215,83.05292007196553,6.036649431513677,56.71996774065268,1
11.287936720756658,98.28061692048072,9.57177234258933,93.01609256706513,1
11.910692630071683,94.81861965535253,5.972932219287901,39.98906242667708,1
2.8992349998461977,64.79658288270835,8.890454732956304,39.17533517843134,0
0.12695888326014915,65.90953902505518,7.866687980336924,82.78898816801541,0
9.967683911925656,41.40715782798979,8.217331953719128,43.13500322121807,1
11.119355253240679,65.04993981983301,7.934750207616766,39.16129092736221,1
5.503241757215632,50.62891944902322,5.210885489295237,47.03794325956446,0
9.257308134764187,47.210096806223405,9.23219113660495,91.78590125229735,1
10.394388409012693,88.9507463428783,6.509184180269477,95.82008110068202,1
7.315377580014711,41.30878958217008,9.60899939826469,95.29020901903961,1
10.471526197730245,47.74345893492073,4.093843385580941,51.970453731652,1
0.28683631370797036,79.86187647689019,4.69070717732424,93.40360397979873,0
3.259142643114766,74.03110135005389,4.80536947859739,34.43348354769918,0
3.326634992331543,65.74173813206153,8.364564619507165,63.72984112512545,0
1.447589139673898,88.45492227605808,4.642213533227316,68.6505970509924,0
10.928561451458858,54.28757648322441,6.589787963717935,61.45334240517863,1
0.3652711999874776,52.39716961165326,7.08128771894925,98.49409486206767,0
8.070732354265353,70.82096922314494,7.083772326066073,82.79201474542708,1
0.8560762470864876,46.3991957798883,5.768365519676044,63.42472886750895,0
4.329365925422653,81.34469727010233,9.291036115216983,81.28681116918108,1
5.017194512130791,96.10072574694044,6.714862101539175,83.37595402640656,1
2.1768514686884033,88.68544498760708,5.052637495728505,37.854848162400714,0
6.252169239386117,92.87251642960753,7.346262746690206,52.5664479874117,1
6.4199011311349885,44.37705532272605,4.675899985982099,52.92708068392411,0
3.8045265832343538,65.44206035967481,8.01657491892928,96.02825199414005,1
8.84505671462749,94.17640789664918,5.040125103372097,89.7477739333853,1
1.9224289274300341,90.48182400414115,9.34245534884987,51.039864990362844,0
2.3100986275182644,75.62752066870189,4.470429626742559,99.17039563176094,0
4.254132216547273,79.26509510346318,5.859033488834119,35.077199840413165,0
4.5405136011770315,55.96069156241093,5.294888362319229,53.38058870728942,0
2.475430278007852,55.91394330198331,7.4180008459128866,44.08659136695408,0
11.024510461707216,44.00269965351983,6.431667394718075,66.4487064497358,1
9.937122834563372,94.11582567076725,6.713761554236168,93.34012890758586,1
1.2825209310796968,57.33931962815673,6.687108079807172,85.15037139360393,0
4.433830987924608,99.55009447452352,7.67154802868344,32.60880562868749,0
2.792053147583685,40.409657004785196,5.5718105838441945,47.38757756637017,0
5.41294323540651,87.9474022887847,5.9317369446164125,84.43323523265391,1
3.3158062345295205,71.54807021326448,5.549999931889765,49.612876144995894,0
6.021682693421082,42.52127648196955,4.869436712513616,87.26094062727142,0
11.071237836935481,79.79139564648617,7.74543002135796,73.58304726303422,1
4.590133667158005,82.1474680314137,9.60410383576426,78.80353101622492,1
7.801539943543592,81.97697255639117,9.450477463585045,79.99562931650878,1
7.1474533562444895,81.75585047039326,9.7900847411168,70.37904902332176,1
9.02344273370649,80.68994560589928,4.660508134761759,42.91069855714622,1
0.7399839620384236,86.05476854503948,8.299173926264324,86.81756341559394,0
8.937884084181714,62.80632429295207,4.447696153568785,69.46230262625733,1
11.355311126069134,97.46271085706613,8.891712752110248,80.51590882487847,1
7.242714620345838,68.96765589224037,9.064490982843518,31.835458898786314,0
3.450959305438803,56.06919431303356,6.875718206520157,42.71166595395367,0
8.068430621151437,99.57089412001606,9.92217541125005,69.57254156959911,1
8.544585441376737,56.771250884152494,6.780959870412848,86.09307637339737,1
7.877403438463224,66.44484335704625,7.247041438193005,55.29508219862814,1
1.7631637883225224,81.86428237756557,6.029102369122214,82.58919256941738,0
11.68170681923641,87.88835737434914,8.911534162341455,30.105776977319817,1
11.464601421850547,58.99896259281839,7.382725483127421,33.124700987271524,1
5.095506393547696,42.11605034146119,7.003601443209876,78.19602496132076,0
7.123647952906466,74.68310492441437,6.548858824060703,99.11259128422383,1
0.475542886402732,75.51919852488984,8.519948401009788,52.10248321040412,0
11.863612014743264,83.77388697602663,4.432964764231274,53.531217340740156,1
9.824939911479586,55.659066318989225,7.794394893222575,53.80954122151742,1
7.638028109156007,89.2434433992305,4.4379755980365,70.59027547105904,1
9.133016930660231,86.43601923934472,5.302811706293828,57.613407851673514,1
2.256359142991034,91.69908321427472,4.1986728727871,55.4901467500724,0
3.691855081114219,85.36064844501334,7.116879507885511,83.70557887879143,1
2.9567237314286503,80.3869974036671,9.661285610347111,30.132812643294518,0
7.152589441501805,73.24714944427743,5.278129556111009,90.94594322788858,1
1.1028582259652677,91.44707310322883,4.677449753569661,81.87479841750846,0
10.747319822579303,53.55771984702076,7.15931404694698,96.97167920616447,1
5.547311305568732,79.90058375804946,4.125190226724735,88.88017542672726,1
5.337748379452544,87.52650713504588,6.103968791315717,85.56030523978822,1
1.2565356428789252,86.48403543494607,6.6718879161247955,50.50119893566449,0
8.218848444721367,47.77701856540613,4.465156698042169,84.65503309712446,1
9.802727932109377,58.83163241340213,9.321800315895391,71.81304851529904,1
7.554602057547983,95.96527848602429,6.303681587985148,54.46052424725593,1
2.904271289569594,86.47428454798316,7.523120657973155,86.69473406052755,0
9.425048659026116,49.281102469687866,4.675730185473777,64.26652764763233,1
1.748153200601207,68.99675823698018,9.810041321377504,98.90360138769314,1
9.927315947755165,88.64908770617353,5.09068899673108,80.51802589771856,1
6.96846444734263,91.57139087913231,6.797383885364275,91.58706164018469,1
3.4724737389412343,71.19917000477405,4.529556458925903,93.097539288534,0
6.158920798124868,46.08679514395468,4.942905577370592,70.9487856246137,0
7.5462168367757645,53.16104182004895,4.814621835915998,92.48445953412309,1
3.1030739831117495,41.466644353390066,6.313544855855874,71.82196820509638,0
10.162878725519688,49.94396195119448,4.526940226517384,65.80464793519727,1
5.05504450319128,43.66749093815093,6.800912925597493,99.65417400207318,1
10.708049487062784,82.00034243265607,7.391337018673855,78.72509039707906,1
10.025622733770417,82.05796641178335,5.144576996276464,78.34238209811434,1
1.1921701699155673,66.59893211939699,8.605949772274178,99.1822209576324,0
7.755049313385507,92.85793596066966,4.4565272839302095,74.03375286890828,1
3.7259347979489097,48.77726302518056,7.4492192118058,30.199076561325352,0
9.048638363798098,51.64032553813741,8.860017993530965,77.3382956647688,1
6.511579889372777,76.68438788696353,7.684593625470083,74.01636836594179,1
5.491186495820604,71.68449175891068,4.026694029532835,80.94296051836643,0
10.744401414444743,47.33116958687707,4.449667727047796,98.22996811824731,1
0.687042717602012,94.41099795599351,4.27594173072732,81.59480206643177,0
6.687811510415751,77.31047480814883,4.774784682144304,99.61058011688574,1
3.9349331915601167,76.4771241465946,7.157449443902749,85.15729442136917,1
0.42328003576155293,62.386701233082036,9.755597902923576,98.59859615616384,0
9.042222224435012,76.37242665925535,6.212745209012136,60.467221478823504,1
6.740887872826518,44.29049736818423,8.731300713770867,47.23537944781587,0
10.729744043474586,58.072438330981555,5.621452129880045,68.58901512453744,1
7.17913473086197,78.00265345885671,9.835926538339038,92.18544246660645,1
4.044411353163216,75.92277987113427,6.296426528973895,90.17479841370013,1
11.82263586455456,71.56141235766603,5.170790005041831,76.89621885424489,1
1.3885686073116648,43.185722484037136,5.148009767631644,58.25111991124668,0
0.631220910945463,59.29770637285041,4.685451793727853,49.262147270906205,0
8.791462913424972,99.07096175084254,4.488531759169465,31.759317882614642,0
4.4504987914738106,96.59144632543806,9.559845268248267,59.22396667974529,1
4.33758094354244,89.2138087931803,8.339427102833454,65.22605236245988,1
10.518385877874866,43.8257075786479,4.873331885506367,98.74605715449036,1
3.9275237581846394,44.408981358482514,7.612568821217067,69.72561714081455,0
10.66786316260931,52.76004130287893,6.783868562569923,70.49994256731257,1
7.727855750779468,89.66541341529461,4.43265741126117,62.59905915430527,1
3.9485945266411453,52.23545628563522,9.926557540250439,31.01793637083573,0
0.714391852949603,53.51822476746959,5.419942914066081,50.0670749860858,0
2.9413122316866973,55.62389040221832,7.4399252211912765,76.0205870540074,0
11.620958414602194,83.99295003235419,6.162308890066685,79.57246945706564,1
4.86321168280746,71.6548115916391,6.925534727382647,96.53285022717233,1
1.9204015373439338,91.63165220989025,9.944907337022826,63.71106369742443,0
3.5761589904102418,44.56250665252407,8.591924694252466,78.18035816025694,0
10.794909346335897,43.0932467082151,5.430253632077821,85.76525480296597,1
1.9797205861020255,90.77576825084259,8.223327383006144,83.08602095326248,0
9.334320798807376,46.537990012747144,6.787240069522181,38.80237907439894,0
1.6183755767627623,82.89633426305448,5.429989617613944,92.33340546088138,0
11.536724561255083,76.27412091647238,7.349894067187061,82.71410018707661,1
6.362464633098748,52.43495367566878,5.402370080647062,76.86064866959018,0
0.5180392271702576,55.612782029909326,8.871240710154888,40.08273944457466,0
11.171456132882396,84.38479131668183,5.766515508408696,96.02818505092918,1
4.298706533509463,41.30159994912299,4.591525300062402,77.59521901306796,0
8.77705534680128,97.34000234021025,9.17731818899004,43.330379831284645,1
6.2844961775969805,42.69588910108957,5.016043553395187,70.97718980999942,0
1.1109816377394868,49.69984391342199,8.249926033918499,40.374738407127026,0
1.2727106162467035,78.39709595373319,9.21212027612946,33.84933896223073,0
1.7906994082930412,46.862794812818024,8.362222567309203,79.81705960756399,0
1.9344001106021635,99.86052377427393,9.69877846438179,81.61037784892048,1
0.6330695174940395,65.97989513057402,5.623450385174483,66.07544399141153,0
0.5641579803948025,44.13717196132888,6.237806356225214,40.48138085130244,0
11.381139552704623,49.90125203070899,7.812360949418689,52.88410909599362,1
1.0955014798753715,72.53555884758035,4.704975500611544,37.33243171378227,0
6.1002201106606755,92.21770710896408,9.929553307410954,45.87208599467097,1
1.423557844482914,55.42281817211286,7.959988717938069,34.61161140074931,0
2.577454214504527,63.9627584757024,8.078428029950562,76.42295425201857,0
9.156864873373006,74.13806766521566,7.50228267592545,84.48502710224969,1
11.257617852340191,79.04143065734067,7.029338887495432,66.21308125394995,1
5.636552336678608,83.3964125166078,5.166745310830477,76.2418167474618,1
0.06770344702797493,59.48524991227324,4.633171594454252,40.52238011403873,0
11.990499616767899,62.238278928654594,5.526662836534505,93.5625006634549,1
0.5732785522312298,92.41616949068364,4.169606505395956,71.59192553197695,0
4.673374848366439,94.36504155898432,7.741114900429274,38.71740550692691,0
6.468680408179631,65.04398021576677,5.084087328907118,67.38708050547474,0
10.700801250650631,99.79298611946392,9.526560071987443,62.108568488692654,1
9.877345339926501,50.510544706124406,4.656637197648524,90.76396447746987,1
7.312639692535489,89.39748736662787,5.920395098542237,82.47909756508035,1
4.783227491710388,94.53541655203813,9.154911131007474,36.80235514436851,0
10.013744629947201,73.87979447905968,7.7288104734302845,75.36318053876701,1
10.428700635668038,81.51532197621185,6.484173309222237,33.73478774248337,1
10.462858888151825,43.60586679809955,8.389117122510513,64.70667891239265,1
8.611637224960184,90.55816363293195,6.404881455405602,88.50888262087963,1
1.173448127735008,80.98979131418452,4.939404547261419,43.18213432772153,0
3.5829531376127877,74.70534119245036,9.878149957340414,75.309094364208,1
5.831064671849676,74.87390980592475,9.234090187023838,58.43949292241658,1
6.060640406416095,49.59608017060646,8.42754281267331,38.054363751228216,0
9.994480952850168,90.83806705761157,5.684400224936622,92.03949268153974,1
2.8540412844350707,71.74748745416302,7.042320277641261,80.38021744909915,0
7.975089066586294,76.47497051267146,4.526880039974574,48.694899539889036,0
4.490398769539129,50.20491597850091,4.228976488367236,44.05927489778192,0
9.30579063871628,77.68769010874858,9.67618351182326,55.0220054605442,1
2.3492919518694504,54.301269280831406,6.507743891196877,80.02126904349782,0
5.719527520716326,85.74236544349058,5.310985460622384,94.08530338390082,1
1.2427029643608818,41.65713794910976,8.73313965796683,66.06859656722247,0
2.543882089595734,47.46530286289826,7.155763622703523,30.23247747952266,0
11.222096236131238,52.6680969261936,7.969283639608383,30.953030134469145,1
3.792565326093941,64.0568831176472,4.649544538041482,47.140815479205344,0
10.715724049079979,92.2409725648366,6.67336124723629,84.82845855622652,1
6.291637049827456,40.40816375204018,6.448976981281735,41.76605518349489,0
0.46839781770270417,73.35630905595113,5.765744458120225,70.33738815518632,0
9.515780188006282,42.16034509147976,5.06959315076505,32.03193259170529,0
0.6234827415898749,62.77711569566341,9.241764155384988,52.576082224655195,0
9.923322340367875,57.889826283080154,8.454393302773482,76.21943960873926,1
0.105589328403354,49.84846717403292,7.381717312356701,77.65386453262653,0
8.089335928160093,68.76005133428758,5.638034843362652,31.251219127760386,0
1.9885670969534095,60.509259190635746,7.805462305049081,42.3070508455911,0
4.114502857512962,55.7119048593348,6.465158385643767,46.150400957591486,0
11.433016737544179,76.7011348301435,4.012354762607965,47.93234977055344,1
5.834801677570239,54.66089573424465,7.735069679865456,55.10718932955187,0
7.889116621942293,98.3206404096172,7.9952833632490385,85.01162647962555,1
8.888821155137814,54.969331720082536,9.774171248824976,37.25047943135546,1
1.3191357184465438,99.31302661742282,8.956360063287853,46.1325738756904,0
10.065549097331736,49.68232852729487,4.472640757165933,63.923340962177555,1
10.96703926467062,96.99422155674647,5.899825257802361,84.60125862109987,1
1.8650478281929073,43.764089571711764,4.262549136820152,83.95150873689042,0
6.554861146737281,40.44549233477725,4.408828364627148,37.615890758287215,0
3.40206147824711,45.849055696052794,6.7905925291999765,67.44444258146027,0
8.88776077031747,82.43058213537941,5.253449340725578,75.44502645715639,1
0.3392447142899919,53.959006950024005,4.364522663276203,60.50852493949057,0
6.1505640412966445,56.537710788400055,7.763341232976225,89.67793431241483,1
9.513778264279667,80.39934671348905,9.52908586332483,37.70476631224266,1
8.816842893510321,41.76998149041704,8.951422161333888,69.23768311455748,1
1.2982059772036916,72.41578649388214,4.321282458054464,80.13976114114789,0
9.99528130480531,64.02033494521699,5.786132303424929,98.67417595385737,1
2.8540887614048795,49.681496514641175,4.226903464715619,30.688024704535543,0
9.693451574601974,94.70414042463926,6.523402606864325,80.65460995707727,1
5.96554598234935,61.62261120233384,9.614048414609467,53.860831028199485,1
1.929909181647529,57.48037064673604,5.156182251986904,82.16463049814662,0
8.808488130804093,81.67024895619682,8.383746097600042,66.88063578895161,1
9.694955425670365,91.32845811318478,6.9739201191966185,84.60339616434928,1
8.386813799831387,53.68196999002831,7.117930152592917,41.53155187164376,0
11.578156068323539,47.62995626035201,8.998491495000325,94.0269455159443,1
3.0737334144714143,97.60188093239373,5.8663284107542335,57.14172355476876,0
2.8291479239757806,65.6464223602681,5.950184669986537,86.24450182931751,0
1.7667611017392009,72.09946151091874,8.427716195045072,50.49077782425135,0
6.472874519407883,67.4164008063525,4.842507219432956,39.45342122564168,0
4.793385868628587,89.67714072637298,4.642519309961411,54.01207846340405,0
4.279944584574881,65.73580923848394,6.4609293966171615,77.23088011298267,0
5.5236552111823345,85.42372602867619,6.363357916192227,94.39132736665847,1
3.294506735148883,71.36539882075151,5.81416219076299,64.78740459387434,0
0.05112453198071787,44.781309401626366,5.522915397235439,53.359968019882736,0
5.661008266216946,70.55982922765448,9.282456216200272,95.22995316596655,1
3.310614198097758,91.33592546079544,6.458303643355853,81.83152290517947,0
5.397403307158657,71.86701770188458,5.853657915690999,61.65359212057066,0
11.146501368139125,63.56746060572713,8.721630498144243,75.69214331373597,1
2.1480648820166612,41.53849404440892,9.075639285800735,47.82993785463677,0
7.649802936081715,82.07769074874861,8.205835914288157,64.85267563251459,1
7.732978755149286,63.55601065870157,9.785508703742673,58.01482723801316,1
3.3755182026795842,59.40058323909026,4.7371746697363255,47.19891668114658,0
5.650655960748819,62.186219705181095,6.6864380742773495,36.19361323006379,0
11.63533969957589,65.06212919447036,8.866514565816502,45.975170966176975,1
4.109521504813685,60.14571379083593,9.845112510985562,85.92908543987753,1
8.548142189426194,57.50117194500261,5.18873632092304,83.18997756700998,1
10.082629868175715,67.62994762814827,8.462286392511384,60.672689409856076,1
4.328293292603591,42.797567027908464,5.268265543224064,91.66718615604489,0
11.878969608638762,53.545637460425695,6.385613822190008,41.063145476727584,1
7.510430885731575,66.28786059052355,8.50641212603476,81.40077131463141,1
6.011823247127069,93.08640668499424,8.62091588769477,83.39774778852143,1
8.578890210075006,65.68786082827847,4.344120386184892,34.69892843352247,0
5.085959206398709,73.35356867140504,5.532709907860365,90.60317350857821,1
8.547920674123118,93.61556532535064,9.778442148614033,84.19255736486531,1
3.297628600015234,88.34943194816712,7.412631327126294,62.51253731107012,0
11.12649977214826,82.737777260297,7.4700178395810415,64.61203066720637,1
6.503554055205113,77.16742578104044,5.533051780978266,70.89301994027392,1
2.8997939230470675,75.75291978429459,6.704502585138327,63.505282868556705,0
5.2463600211780275,51.43165064316448,5.62699471307007,33.82417254806499,0
10.741158487450742,48.108303826108646,4.825273053670767,60.181323201707826,1
9.684663828865355,43.34073964726651,5.709161464716449,90.54439194669337,1
5.81362742446396,45.629039072775356,7.3451160864927845,67.41058585694208,0
4.22042012088396,76.8988942840576,7.141329425827,47.12665281930773,0
4.514968969227488,76.50879103439775,7.146958845603738,93.55777999132638,1
11.774344291148916,42.2371284815922,6.063957239496733,59.853694560675635,1
1.3465534215803943,90.2999454336263,6.616255252836756,42.88105432212267,0
10.66828674683051,66.4917160017572,9.24224696546005,71.68337917880963,1
10.29130648112039,72.30634781433884,9.519876548870597,42.19146526264867,1
2.6926608712475324,44.41138857173147,9.384648646648987,73.67411467791635,0
4.19230481001575,91.50900954911722,5.41039058206266,77.41453563008929,0
6.834718640705199,44.804017194280355,7.808509545426844,43.47544910196831,0
9.62871244488296,52.66009552316681,8.606473819227494,52.01846585061529,1
11.405344864057636,67.90978923796553,5.965689313693215,71.15879343239206,1
11.901704442997213,69.85894794036568,6.86255722952333,45.39978212882531,1
3.3747804825867025,71.99339006018354,9.137600605533457,87.51242145983912,1
2.3083628920902086,96.162529984603,8.219424753632122,81.195238357182,0
5.852701832009858,42.09838335310158,8.357277319566847,42.276057427787734,0
6.690766811208819,80.57333172088757,4.478742773111373,71.236768931882,1
7.880456164719298,65.7869588951998,4.316797552957233,70.08783157180288,1
1.2910935877720378,88.73432826649481,8.136677693479534,56.13980748941464,0
7.756272232261839,80.05070993966372,7.43633419014529,75.99215439589773,1
11.056548968140056,88.75644529754226,5.026043082932755,60.070828491646964,1
10.982412813954497,91.81168907319136,4.026370138866314,61.099515979168835,1
11.325287991600904,86.82410676983514,5.412183495333846,57.5923569932412,1
11.068075170382606,47.93532598762905,7.7374569275572975,70.17847860731975,1
11.529333929791708,72.2333779909736,6.1743956479956,30.07696542144872,1
0.5843104453961936,86.39776893808771,7.902592466495284,72.0655390506993,0
10.992218288427193,86.46423053610576,4.918876389058523,38.37737088317019,1
3.25455369470524,95.62368115317993,7.890790631694209,45.905793969439976,0
3.847988825593866,64.95443482279838,4.670136772087405,86.92478453580783,0
5.503370891375555,40.53791525620102,9.374385494511754,45.898463714618714,0
11.463364740091617,83.63429397078393,5.537140550583269,73.4311136466497,1
7.261066831868758,56.689813518941406,4.027305501460846,47.72402279812978,0
4.232318599824443,79.33642379830209,8.805861232529715,99.6883319182142,1
4.489891770633207,42.939079436931905,5.925013324082457,98.73302308925061,0
10.859141865878009,61.322437373280266,6.454965320546598,53.23674056363666,1
9.868170818831647,77.98946020395519,4.866106442862366,93.81175991276592,1
1.6504526428317106,47.56308622983492,5.219951619027382,93.7471116859069,0
2.984182393886023,59.02807088874407,6.393633199463998,44.28852487094646,0
4.463342412830876,48.7024308720967,5.74776274561467,56.29300579449194,0
2.6009038834820752,93.46426618088002,7.032217990748771,43.18739572706559,0
6.7617810325634125,86.4587735915432,5.602882032188198,46.002538400766724,0
2.6836651193517684,78.31041507031682,6.622707695922509,66.84930882523524,0
6.899093957363967,71.19619162987864,4.174674541569804,65.15416941357987,0
11.232295456874258,98.65629672383872,7.020055243027588,61.622083388491504,1
10.184111706403032,55.51522970512863,7.605666683585758,43.91897751488875,1
1.1911615569908167,82.33099062358158,9.390477318563615,67.3412905868592,0
2.482857580445133,45.17463883843678,8.293608095990685,96.25659755815727,0
4.952990907167994,77.29725972374573,4.472281166681587,55.18996036504602,0
7.75353091991097,51.719642473852936,6.1883598278725325,78.12560154587854,1
4.638796354018622,40.56482152337959,8.555420286138872,46.140940486677366,0
3.019348420082506,94.55250581473291,8.30927198595549,82.66955871835472,1
4.135908445544857,56.7610613343302,4.321013666021715,70.32471510941295,0
2.448163038357493,99.41793939523421,4.1692940455125465,94.2328192579639,0
10.342400634272195,80.78889335239359,6.975028443689466,35.45839317972868,1
8.367020548119944,80.25199534251863,6.685166044322533,75.95939649652345,1
4.932349228871313,80.4054562760359,4.823555814468199,59.500775427464525,0
8.405177138519651,99.54185996800368,5.588958229177973,55.86395134364567,1
6.236751809744714,53.483404138053,6.097295900472378,53.3175988396055,0
6.315146533902844,99.25834076549543,8.723185327629857,93.17047397851954,1
4.408267301567438,59.29979489905828,5.556100153646596,47.681880569839905,0
5.858620302867685,45.655864598331924,8.83403509220383,74.20884793640346,1
11.826194900344433,95.33491553374239,9.041088485845993,31.835789416824767,1
9.413578407752976,45.836634366606646,5.481064981378648,97.43681391400472,1
9.932403511820922,68.51753272442282,9.116844541429241,86.14062388823808,1
1.4924622170901807,90.0430794921198,4.484551260027188,78.26623266566398,0
6.051287797015847,56.59635070559918,6.294841034523479,66.31775534917924,0
4.402811284824752,83.21415278482058,4.596904682952227,55.20126483912223,0
1.06688364873053,78.51423315331546,5.939016832913012,60.49814913674737,0
4.743324314836177,81.46590859240817,5.698958587262943,76.14632944211954,0
0.8902520967870995,49.043021202376984,8.56773494982115,65.61154520859799,0
2.8082365735829686,82.17852828601343,8.993605621953437,92.54928054973132,1
9.585152535019313,90.38115331998402,6.003566629352068,52.73646691693126,1
8.234609714927592,48.480344185593765,6.035104577588076,90.42375479373314,1
8.38255966015912,97.64099402176934,9.788106979490738,51.06246131591333,1
0.9522945231697637,97.1072032659406,4.974474145183312,40.1505677606531,0
1.9677873310467153,59.132307296706756,6.838733293646693,38.90685730317219,0
0.2590097288504061,97.32116686121753,7.551595986026812,48.59930072056527,0
1.1701743229203498,96.30663519736689,7.947317333538766,94.1959297227886,0
1.2146256291373971,46.99309988054767,4.921206044402801,86.02987405415593,0
11.5217362994532,84.64197815501491,5.902638854147754,81.47514110316753,1
10.72741516165601,97.74705511577588,4.8897254066770435,51.45421830508589,1
2.451047742641161,89.41642062048598,8.541637765928032,45.15858895868149,0
3.045755456491432,47.96230428491089,8.36536162909087,55.31904792076078,0
11.530534189629519,64.4746720339891,8.931040952250061,76.76601545174617,1
6.839971765506302,73.84033027656824,6.576326984210009,41.36138830840004,0
4.4222795122765755,62.28380501617166,4.113420327687742,66.98599469413742,0
5.598531497701279,63.14789364709677,9.397415865692754,55.80793881357252,1
3.2665193841343276,45.78465438512764,4.633424176018304,83.18242148522364,0
7.002927359872745,40.42618024431736,5.344921819152109,75.08089694824571,0
8.703261868677393,58.36897358665107,4.184645815917411,40.447616886885484,0
6.1853790688584045,65.40858603136954,6.372569397065995,51.62723802308036,0
9.84799601446237,74.72810514563577,8.165847561176887,86.55469805225604,1
1.3585264207317307,97.32131391482244,9.573315559864987,92.0995080692238,1
7.243835686294943,45.367914637571616,7.289230923292395,65.7757438575749,1
11.875227567665574,60.82807422013603,4.524054416067047,87.8989436720951,1
1.7889485984106779,92.2063298953852,9.305042786452294,44.74247215922441,0
5.94043279674932,89.54132458246514,4.59097393300298,58.423703731499955,0
7.561743413300924,46.71692065818628,5.223626938448889,75.04201174833844,1
4.050353042541589,80.5478494010718,5.320715368123274,31.942268281814318,0
11.575407831029764,45.36362096619395,9.316337730572332,67.06949340442782,1
5.824924892305463,96.74137658700461,6.4579770103745755,89.69232125689157,1
5.7443842358127775,55.59818162865653,9.060598902205264,44.703877025882264,0
10.831964453116472,76.3676900408845,7.340208495140967,30.824621365511938,1
0.19092493493327778,68.23517928219647,6.8672135507826715,75.33681400769879,0
10.426621907719934,70.71668215517036,8.722024835549965,76.24207719481342,1
1.548880809453041,52.83920547972668,5.265629610434623,46.98632462973386,0
4.550021018716756,61.52657082928772,5.62976908002379,52.84929769265152,0
5.861474045171786,56.94274937665924,9.468497261459191,54.08059493452218,1
5.718704362987903,76.94331630510993,7.622995380296693,35.83314807110328,0
0.47290269801741536,65.33970392078405,6.284561748896092,82.09002498002154,0
3.8052855287314338,75.49683208812543,7.775216172502061,45.005177302387494,0
4.281536284408151,72.19969761930648,8.495634517603687,84.03177980933663,1
11.47415192236733,79.95967057015514,8.272308662544686,75.59679928817731,1
11.003824499743091,98.53141359333458,7.034597173275348,37.2600835484933,1
7.012183610359175,72.01121852634189,7.74410915142968,82.35737872644023,1
11.200412459247772,72.78721011633512,5.420370106704304,40.06484303257275,1
10.364548840133573,76.84281030314624,6.892245895085977,76.0787815641986,1
4.508672413398312,72.84595790002194,9.296745564563182,35.43222641222044,0
1.4036022126680474,64.6776276262177,9.485563650679069,70.64690051000196,0
7.285650562801982,54.76023200834258,4.130829636746218,61.09593357978278,0
3.8761132703787,72.1843993124449,5.526404305499793,66.69044684801936,0
0.11691003493956575,54.76300111637398,5.569522770840715,82.4031356126755,0
11.774152225494447,79.56766783351702,5.964178776655144,81.68038025321998,1
11.63131314538799,93.1802230343296,5.821882999520672,33.184670684407074,1
6.441677349348907,88.0073898358974,5.687375365158364,41.430361613270556,0
7.418228426633495,87.1850651628518,6.839609169360575,98.74089422557338,1
8.026401621132436,52.792836573525285,5.445729462592425,60.75250705712563,0
11.118464508528609,42.01718730381511,8.381287436765799,87.51667777268727,1
5.610104136351332,52.22484274928283,4.172790939625463,68.54941913791943,0
6.994538117455464,74.21239291980513,9.777215034999905,84.12769092454636,1
2.718475878045242,47.490641000107736,5.130802896539775,34.95561988961532,0
2.9087789100604007,46.010577529338825,9.366351260497048,65.11057645409264,0
6.265346336671087,99.87087932241332,8.07606402102128,82.66561884781136,1
2.7504594169228214,61.26100831133624,9.304151786905425,59.06855388689543,0
0.3630334251607299,43.81563833251903,6.609508771738675,80.06903463760469,0
4.4208955137761645,70.69024918442773,5.943330336533795,88.17201377881818,0
8.999341729638632,81.84595897121048,7.662840850891779,87.00362120056388,1
3.324842193546185,67.61545419924241,5.173035201419217,44.378634365619966,0
10.35244726185697,47.88206328970971,6.525799583196083,93.51042274765165,1
8.430028616798445,70.89024091273563,7.250430662584869,70.75708632637924,1
7.839829309776591,44.14541429072505,4.740834437536824,42.83660565952851,0
10.70979769083764,83.82518058631082,8.808315344050222,85.48499288457096,1
0.8857323689992747,96.34275525269042,6.750179761521804,47.80505800345602,0
2.145184794059802,42.515486713296795,7.191908045068071,53.29815623246539,0
10.911242669512662,74.23078748211073,8.07345190008795,59.140404290866016,1
10.884448521837488,89.85166076975757,9.389851035484545,65.37919143014906,1
0.9392070707818752,78.43368588697925,4.824609286143556,42.06897664549082,0
9.290778630662654,48.94545530400782,5.150532870256331,89.50073835689486,1
0.185188985242688,44.08960707517324,4.74245280375447,87.38855144480547,0
1.6228266404225518,67.44880417188111,9.777435711551206,51.34552823120068,0
1.3171268843245234,42.895668909357546,6.587650820593885,97.9191676398283,0
3.5279469338205924,90.20911942178667,8.308908726821157,34.12614629519391,0
4.659221047723319,70.97838846815516,4.998454861398145,38.55424620499078,0
10.93048637125034,59.00588715865926,9.567995896043222,83.62189345382106,1
5.236773753275464,86.25421334151324,4.753180812978921,46.97831727173257,0
1.4861889287230743,52.87188212931889,8.051828366526538,44.60205321074669,0
3.268184965808804,70.82952566969918,4.159859827937749,31.56766648251694,0
0.07652193721539113,70.36970322611208,9.18567219559388,53.030936300027946,0
0.3365928347542755,46.24063152373757,6.329519365654391,35.25250247559119,0
5.172819857477139,88.05576606933354,7.767856806107208,74.64183665508556,1
6.1462592183013145,81.91750579643667,7.596063029411439,30.437100881016168,0
2.9995389993492,51.93961598878534,5.215314483944272,60.56214373887143,0
4.558709000309511,65.85116020743013,6.726983843585126,91.98830173069251,1
1.240427672298472,58.55914478041019,4.014698190682488,69.52485256963841,0
7.905858741293543,96.24083665237504,8.699820166767818,53.07379526036577,1
4.7112668456118865,80.06926971365931,6.731993509722648,37.586367755994125,0
1.9383071936959086,96.66036447799975,5.66550851899845,96.80203964646208,0
5.968723575434637,86.00367635247356,6.362012284008994,31.284538991257346,0
2.5004980770352776,87.49735981973913,6.447740139563493,64.98162494096789,0
3.5055513355954315,58.612018838630846,4.9569315348367216,55.799691383613585,0
1.4900451943370139,90.922794179464,6.198078091917387,83.81758397193853,0
9.368765893977207,60.08659312095809,8.059127788673905,71.3222077979912,1
3.351782739308052,89.61871238052049,7.356555017886317,95.69347610942354,1
11.468119870864573,82.5899981017491,9.952675795098727,96.6335844797266,1
4.865182930762273,70.57474555346677,8.492398896133622,80.90693475705899,1
1.8623339001853503,50.22024461060366,8.97039771095164,63.354661566912846,0
8.46255562792112,76.05203349356606,4.882568388717397,67.37231754567208,1
8.802697779103969,77.47053576913264,7.122295243252361,94.32055906744384,1
10.57583575228057,81.13326884113363,5.466337493908308,81.52106721173423,1
1.5781497111581007,43.97955274463789,5.433245729371495,82.41290343400021,0
9.478631508931883,54.97430311553069,5.975282094252629,95.78481692830535,1
10.317109049539805,73.65695816230438,7.415787884766776,56.09378394901293,1
3.654219542350599,91.14859839037987,6.487411827803312,88.12198952282245,1
5.453786179334567,53.950064463307584,6.38919990922023,82.76379601770131,0
7.435703508502933,93.82134115492819,6.192341498603611,56.85864255405977,1
2.946157719814055,98.50973674064304,9.918688902240142,82.85361975723995,1
10.4562710355791,45.336272391140255,6.534548539819867,37.484999151992554,1
8.390331058933041,83.44337525251728,9.511030388209914,31.252115266517407,1
10.28019655043198,63.85001112807358,9.95773454452433,91.17327047374138,1
5.398980599022753,48.273886336549054,7.72687924501128,98.40119178228373,1
6.227980355193076,53.35120303402523,9.861265134376366,60.29396257857431,1
2.331053340361395,61.68279520110092,9.998676685183897,57.28316046679893,0
3.768292579150357,41.075023783807495,8.8900074020188,45.872318918635195,0
8.75414591423905,81.67400679642475,8.289945697488466,95.5773045507194,1
11.508093338012639,67.2199726744987,5.326608407771052,48.22934493686675,1
1.8252344210511615,60.75800349640721,5.101970706303672,75.22446545446392,0
0.6077223327984282,92.05887287479817,4.318299527605606,87.09171538440043,0
0.8094320894355009,97.98192677518284,5.302256592823054,61.706324594607935,0
5.225661225863614,67.4990648861646,7.1690398534336,97.04938312230605,1
9.512055327802958,58.64544465441887,6.623240274343015,55.59442213670095,1
2.6985272404721865,76.19352270911465,8.528752304529121,84.35821298057162,0
5.725584856742216,64.33192098349276,5.806043381507621,44.9968429070956,0
6.184826203961665,93.49587218484277,7.723319114641152,63.67582611519149,1
10.052428776926025,57.304299214202615,6.165542303540956,78.90974962722127,1
1.968398483800601,47.68553920329802,5.326691010796494,47.699590946399425,0
0.1766232729691164,40.903707985031645,8.65560512327933,88.32764983813271,0
6.079860387907715,50.21940968238979,5.756019670930873,95.81303508534802,1
4.262951001367208,45.67042348206418,7.1133193314503504,50.23733316527845,0
3.5059845102814324,94.6430419601781,5.5067823472469275,64.5921897982769,0
9.266845169479007,80.79467523404313,7.890335301436566,31.17893117576956,1
8.201604856566266,74.86148867385728,5.045321464229417,58.30252632763108,1
1.0072457721607466,96.68511750677331,4.376429632220953,71.8229128909195,0
6.577240352716401,77.08785758163188,7.761082358336173,41.330515465980746,0
9.574135429327143,82.36668748748704,6.966278199742042,98.44214240375783,1
10.916212049702475,49.51176039772388,7.905885626416073,42.2841479783821,1
0.0022190283592746773,57.255415965626035,4.468407460185692,65.41553139029298,0
9.690601184229642,77.0457508882404,8.664734346589324,30.658781953605473,1
0.5189751319270712,90.15636722122632,4.289861575491201,50.871146915748625,0
8.185446964926907,56.92663155690411,9.738144886529927,86.25375305226868,1
7.176085243806826,67.22053145982045,9.635574614277173,58.56416438106035,1
11.424195506879949,56.924821156989964,8.805360983394664,89.9857682129904,1
7.582549106882357,57.35780692730014,5.876981352543155,87.36120700721241,1
0.8392687690089549,74.49207929593068,7.873942436463741,60.39065821764689,0
8.04477579777798,95.1415559207638,9.951024247658895,40.91160147208916,1
3.059044999784067,98.56845125524131,8.302301460836176,86.67496500968471,1
9.983327922416912,73.94705393919692,7.963148880196625,94.46289784087585,1
0.3775450789272421,41.45032803273199,4.181085089582711,47.06920455825415,0
3.8896298852585884,56.58262467775428,4.218037988176225,35.25609463752538,0
8.117230643760292,79.3426183044847,7.771207332567664,89.10814166808706,1
1.8676176016798038,95.48857589878087,6.79134419727251,72.57791722483621,0
7.755264111068423,48.76486695768597,6.942476121423933,48.185448006303574,0
8.366697663338268,89.7130144879512,5.1500925659202,42.06446253539774,1
8.805331979566422,92.76828014023022,5.830439313026663,64.78730481596864,1
10.504022305812935,45.387275147648445,9.339126148453015,94.89884944854526,1
4.957993392623752,94.28892559054123,6.18973278093581,41.70117726015485,0
1.70979568189489,75.72219866047034,9.825206882661412,80.55803239541609,0
3.1237311646937473,90.76989861292853,5.000796710720138,47.71485259522827,0
4.676224817311834,80.42067288966044,7.1906859509459045,71.41772256945477,0
0.6549308421195934,80.72190698511827,7.829667435670442,61.18005054885195,0
8.502585956992174,92.48941732435244,8.116560855132704,69.64907795049271,1
0.7561277732894669,85.77810017163253,8.832651802600122,39.46265066859984,0
0.6925050867415243,64.52645464001382,8.537534085923845,90.40868402953834,0
11.189994446661592,62.94817951043108,8.907647546516149,98.92678519969716,1
9.674950540090098,98.12201802459774,4.3545938110180415,64.77927467139597,1
3.044172561763568,55.83718077343733,4.485179576374,58.22510550151209,0
4.100497101675604,62.604717485006184,4.798620622219399,85.30915675698563,0
9.911036397614632,48.63686772692271,5.188036338121089,41.77848537186978,0
7.430825575900229,60.34662567227964,8.309063181443655,34.92079221818237,0
3.1790113945161043,75.05149207236894,7.227266680984554,80.13691965883987,0
5.388230351279642,51.63040980560477,8.241587721230314,68.25190460304698,0
10.266715047802796,65.55150903661297,7.595031446892851,74.23446701368205,1
0.008296231584582703,76.52317333930128,7.358142936963211,32.020135471658335,0
11.908726397453801,63.11996995390143,5.114149295584905,90.44079016747705,1
6.791202407825758,85.31031859439355,9.161322594619046,76.725164272407,1
2.1842409214834797,70.92258350362724,8.637002261362362,37.845702835943456,0
9.602313669126197,59.50562986782562,8.536045528417132,76.26917772805746,1
0.9143422563291623,83.48673541098034,9.590582639766765,98.6031508855947,1
4.920000952438404,73.23902519355323,6.37271548473795,48.011052497616205,0
6.877587159218166,67.09801428973421,6.531338354380822,96.06823413923587,1
2.966332179383734,49.666300810303625,6.8265618666316525,97.18670020388424,0
10.622793809250703,99.21361143520922,6.09828687783209,88.90852711781575,1
8.362728462918568,50.435879753123814,7.067277546265102,64.20870536030702,1
1.941937666760564,63.076809618930966,7.7573388477473255,61.23122600507175,0
1.8311940207450603,75.13395176417066,7.524509645414749,55.33234686275365,0
0.743198370162172,95.99701397449239,5.058586936828866,85.01369414404238,0
6.857982169348497,58.08597709197389,8.351233688486591,40.56222117329768,0
2.2472041215877514,46.87597499923788,4.423587914678233,67.31036785938875,0
6.515792113147237,82.4032569781732,5.2432944610515015,68.26196100082203,1
9.833669737478594,97.05730059366756,6.380093699253416,95.18291779351856,1
10.550220249220406,67.11754827355026,8.960742968626734,93.59943598292529,1
1.3962040392427038,99.88045865164756,5.51229605627574,63.787373070686854,0
3.9868491153338432,59.316651482985094,8.964790189515073,71.86807899871825,0
5.0085086089081035,92.83504636473336,7.483544423164499,79.48085908092004,1
4.601009718681596,40.08681060111337,8.19470261802475,68.02810854771002,0
5.025947489450296,80.77447394127795,5.778054868498961,49.834973601635994,0
5.519849776241342,93.11156792726827,9.826359340676081,41.13356688644155,1
9.078603545695987,56.795917129781216,7.905762406382983,69.39578048548863,1
3.666189470947995,90.8646262037278,4.482797545891245,60.57926144488211,0
4.1210919351216155,75.96705107606905,8.838089838273966,48.925973657107484,0
4.682936820416623,59.21161296871894,6.803699314507757,54.119378838834955,0
1.814621582269702,42.58224290598463,9.008705730003076,32.97158585981242,0
7.564481197733915,79.69795141901864,8.203507066054442,68.85378000275183,1
4.802952276142946,62.522177726100814,9.797328421552757,35.3390759384099,0
10.99383090851706,72.621423850262,9.455080003354697,37.451292033616305,1
9.856990503333652,51.91762207981998,7.998869569535879,84.0469744372751,1
2.7621588466763987,41.16115690713457,8.592564743470092,37.608132868930475,0
2.907767666294517,45.81145107791764,4.360317335632344,78.89648757866966,0
9.387247097968173,78.45509707662359,8.76933143228364,64.26922610990644,1
6.718643464330551,47.64645632685405,8.411568282418889,47.024173174187155,0
0.12252846837109699,57.85246601356071,9.659780155992387,69.96364930009105,0
7.558596631839027,75.51594062745556,8.530478981092786,66.54363731216728,1
4.7389549481804885,56.38178380114409,7.701647014135468,93.73421463586851,1
9.422565183739586,68.36473839553406,8.67050615981008,97.51300820174485,1
8.962164413801101,64.74988158514056,7.614312825940951,62.54984933620927,1
11.0679361025028,86.63713433339967,6.896174754549432,55.53107918868541,1
8.391431655172408,64.20447085618181,9.878840210221512,71.03619089282678,1
10.955743042117266,56.983308383960306,6.965418046294655,37.85715773212069,1
3.4158578239331012,99.15827852630679,4.606026845948316,66.94470603271242,0
4.064588279079226,50.36850978473087,4.273735799053595,37.00166945480113,0
0.7104101437665071,78.42001956472976,6.213387182970314,49.26419516549307,0
10.403233312860783,77.4224883893417,6.7377835558799495,83.06685896404139,1
1.8506110547301153,60.97536951412984,7.337747958736152,83.92394098213077,0
6.6158341458876855,84.61946330095299,4.417837550150174,63.39721859706307,0
6.1103446611992815,85.22559981178117,7.302358518096256,97.46763129574914,1
9.767220947344324,68.58171596821224,9.751194015265764,40.62157683653301,1
4.655873596928813,59.383786265945794,8.510182817677268,51.891168505373926,0
1.7119760655156675,46.79507972068855,8.220396567846333,71.4727739599491,0
4.596972551977035,92.19423225009275,7.091330042633525,61.21014546677343,0
0.5765999353998286,99.03074424299456,9.30612041400923,75.38189174576908,0
3.6176377582321915,56.8274841027027,4.5454075402842795,36.2018607611499,0
7.56003254661894,59.20632705643811,8.664747009986066,80.34472807861539,1
0.6857177288241005,78.7471740883386,8.27962015594565,41.40086865719904,0
11.876354717433777,86.72958458439899,6.269850473888789,48.92617827629535,1
6.43426906720121,90.72062780446976,6.94320884853545,42.57310695351806,0
3.600862238363117,86.07254872602789,4.911954343660409,80.42918610613069,0
10.005446921409787,80.82491349355719,4.037435715704721,32.782683533930424,0
1.6495821752370938,77.31986325494248,6.0145486497181855,98.39551028008474,0
3.8635676635526663,40.86564565763508,6.028529431098965,56.146945855283434,0
11.245800095662297,69.38480188709656,7.12311027583614,46.2862681642224,1
2.8791969882861963,82.51255932171907,6.075213648259535,52.83955031227728,0
8.794703126344114,58.163632068176454,9.336034667964533,64.69903284393003,1
0.9711645900962811,54.814345373358506,4.865891528358497,46.10843250020405,0
6.389695631199041,64.76781950468369,8.943489535182572,83.32402675828928,1
7.897333274357685,72.65697837078322,7.265883762339387,82.87251577063435,1
2.5166765442360135,40.66144386440032,5.327406155893457,74.03716960902707,0
3.9315614585909144,85.09417624720132,9.256255298737225,93.42543754512826,1
6.606108920771301,82.51912087086245,7.31842710348794,80.55499856868602,1
7.079819502159278,53.487165273728756,4.579731978444377,41.22771161926565,0
1.850610673503938,54.91546234537434,9.199857462323394,48.50958583503525,0
4.929295829423582,50.46917677945611,5.634766704440715,63.356076538799236,0
11.99679617000767,64.70972624655766,7.429511210646416,51.65440288223279,1
3.869219317574615,97.59127240950464,8.07341910096831,57.73730634911668,0
9.424272726091596,63.43755521967313,8.463969895904867,63.21843418839366,1
2.419367080044817,95.5582799957478,8.299477399918612,84.86274504434644,1
5.534327561443028,50.87503962949984,8.98948430269012,68.0656873228225,1
6.218034649029324,54.362533348640014,8.623072851274706,88.64096265582128,1
7.1522194791123495,70.41606152506787,5.1320808395771955,72.5605915743412,1
8.6118356979615,49.06445982310891,7.342632925933271,30.523809230464476,0
9.550924526496527,46.79900462707175,6.96235107101134,99.13868832318771,1
8.40198858401217,80.2005091170336,4.79945849814093,40.277803431169175,0
9.686406246118931,60.54356142953873,6.599859885814259,57.69155152987325,1
10.631540393608745,81.92613832960251,8.660204339951756,31.356022100004765,1
3.913431420848032,53.63480980269362,6.667275747922853,66.74825128159048,0
9.92771165877081,57.9886118642158,6.352678574618703,77.4402979609651,1
6.239738227240017,93.57034996967113,6.8578827548410075,50.14922304877262,1
3.1131343946684535,74.7791500027411,7.389665659696414,94.99109820338857,1
2.076884452815211,47.35700082744657,8.589459266700972,40.49689648294505,0
9.173388078982084,65.23968283988339,9.119608727736315,96.40022306368509,1
7.639593942226968,46.00445780430947,5.734251354864616,85.03504278119509,1
0.8487764268947386,43.97422942263298,5.581965828046139,40.653127383047554,0
7.049444705062898,73.84967320675621,5.896092678646182,37.20843266018346,0
0.5345594346595797,46.70447783495203,9.190646329320247,34.630169539289994,0
4.695072606398504,52.86208191065884,9.4033688968876,70.45865407134646,0
6.853934855264795,44.35585135378371,6.050978679069875,47.560695225302794,0
7.802335855863465,46.676596857432486,9.000627721025777,97.9820779130091,1
1.8942330697024263,66.90558802104198,7.2659948039025,38.075779668306005,0
0.5380396705750936,49.93957199997841,9.74743040484207,86.53964813578852,0
6.912285170998899,58.86382893574654,7.420129307263118,56.289497456576285,0
9.825411072637545,66.10976028531611,9.424880182094313,31.010756354176678,1
9.559339572426905,51.646873515942,7.326941560334048,81.5230199643559,1
4.31591869842214,48.093109516144224,6.094830644712926,71.12181958100794,0
6.923413405506631,48.86821320912299,9.095133398632125,46.07517870867537,0
8.624374556268755,96.47628136624165,6.024080357448233,54.88551036306045,1
10.478260688542335,60.922495208301015,8.731565179147973,40.503743334158145,1
5.8995274371320034,67.33667439689235,7.18401998284744,39.42770261590557,0
10.506001376482944,85.17663957439146,5.941541290975288,69.86127743922734,1
3.8127465587471354,87.23045880561814,6.857316144035478,67.76228873564656,0
2.631025694946458,81.74341888457869,9.436586405067025,44.225632127187914,0
3.5294793769332387,93.51675032199353,5.7842910546057515,50.81750763063517,0
8.757209072079814,71.95946152777907,4.517944197119462,99.7087703085271,1
10.621684959744055,49.959681278075095,9.423216408984977,54.71610949597316,1
5.654186268040827,76.73347429559982,4.7080241828104485,64.12215055468742,0
8.351012800496171,67.14467253657324,5.385579945537964,41.15596213935312,0
1.6657650527450811,89.77609659403485,6.878150967786132,31.72153110666988,0
6.089151422438158,54.57764191838798,8.679146163526092,72.84801941142518,1
5.21809371927548,80.62668264387173,9.865244376407478,46.879528347178756,1
5.179251119660462,40.604389021947085,5.1209786526572545,82.0207666620664,0
2.2565359497917554,62.98375703213296,5.394854349781309,46.19397496722583,0
7.473372532638596,60.76600772804238,9.97684986692383,55.815009290567005,1
8.064867714161648,45.6618014620362,7.376725955934769,75.32318413084477,1
7.6358857796010025,89.25231647678801,9.170302747524293,78.40309925131517,1
8.913075829299062,89.61212055317019,6.19313321813566,54.075109965588375,1
5.498679676868294,55.02317281637989,5.739987808528602,80.89144514102387,0
10.231193885984052,82.69422901550348,9.25009853643931,69.3841886133093,1
6.854546394753063,94.12514889157504,5.2400625762463955,87.0539103952809,1
10.581720049409824,74.80514323021922,5.592295594919843,83.01712493228484,1
4.921857038247474,62.125884136379305,6.2105814203051946,87.51348773523058,0
8.401663431055448,80.93808631429891,6.010294269810347,48.50759699381018,1
2.3616603688986357,63.728697686075556,4.998968801545452,35.689907402731535,0
0.9968039793625776,74.28696960055441,5.738377437655951,30.19687860642868,0
11.178028698546784,79.68340528337586,5.039906185468638,53.12335356477244,1
4.45005293867789,57.57335352541069,7.195890643164627,58.97439484394201,0
0.548382211234431,79.73819412931644,8.16740474766805,48.57739246113478,0
7.421442149734428,70.4715361763228,7.094303254512861,41.20821833579312,0
11.199134704405553,75.58654647327592,4.423996887463197,59.90576246670706,1
9.228107985370581,57.34008576685059,7.541976971710781,51.39008441167664,1
11.846965356364247,84.74898132257451,8.27744142463612,32.24107310050488,1
11.221403129798182,48.95872174618839,5.060918655300694,88.58834021048779,1
5.466401747808684,68.84757035592654,6.90669062313993,66.38251256005582,0
2.8069169671672225,71.90311298127571,9.824531697175527,42.25679150289336,0
0.7828618043419167,40.49147161986531,8.96249949597989,53.101584194238825,0
3.2654846663922905,87.83605390307096,6.735391768791861,70.32253574006954,0
7.585825708820321,73.2687970614022,5.554449888542332,36.78641766784235,0
10.93069591157045,44.732729048595814,4.96157734547104,66.36949317067206,1
0.020494536507067007,90.93217420918282,4.275006505787497,81.56070076530379,0
9.809813634746636,82.61309688905115,5.406336306552481,41.48657009216258,1
9.173577520443704,94.88356703107794,6.930172697703332,65.62474615230961,1
8.2917905430556,80.91582031718534,6.991110058182484,92.74179329349565,1
1.5345259587386448,70.2092724959492,5.035811880290803,79.2520291699829,0
0.639066871933351,87.42420590165744,6.7263541520896695,61.297480109716886,0
8.841050622675684,61.50838730237154,6.646423201905712,31.77184858285737,0
7.6969108984191745,66.13601756866584,8.856975594024199,95.17087672328792,1
4.438776887381755,61.36665886530022,9.527820120095463,98.72287355847503,1
4.146096801157677,59.56346027205913,9.743719083104976,84.87602648526043,1
0.3917203742256161,96.60257215745608,6.922254939800812,46.049703055697364,0
11.921211218902927,70.3858162705813,9.105938802982577,70.78551333928513,1
10.039705825000837,70.44981530999334,7.721218914906789,86.27417918152682,1
11.690289155254623,62.712327844102376,4.6102609689219065,67.19390795470414,1
9.816449691712855,59.6612776621691,4.437181777113116,97.90607964281234,1
5.5062349529380885,53.85648061239667,7.630529409886323,71.75414908530595,0
10.141977557409431,96.94844325817877,8.089962532848082,30.409354752108346,1
2.3802899498083487,83.95326171836619,7.909821362137424,50.80666173328906,0
8.069695898512297,68.86108537239821,6.903511414847805,99.70026524859242,1
2.846632141909551,75.8513535120637,7.55605231238792,98.66026865353916,1
4.709729596276599,90.31790185129658,7.978527580112445,94.60187499475194,1
10.46016118625081,62.19693796831871,8.22115229102149,44.39171541442762,1
5.099413059145116,56.92682800997083,4.86372865094183,47.78913242166566,0
10.72459252802152,68.63441885207479,6.856217954825937,72.364357386134,1
7.194712520254346,67.61225091311482,5.986691055909781,32.43113895776221,0
3.524953694714892,89.85342086166168,6.901209595882636,92.37423954420376,1
3.1242835776745914,93.66857891040445,6.360456832191097,64.28755830663064,0
0.040488702560220524,91.54028036474553,4.4372875899302,81.16891688661985,0
6.8651765031833,81.65837557702523,8.739714890208777,72.94415247650261,1
10.062834814639928,71.67520979537254,7.131797078097722,55.261655727104355,1
2.6966216680445787,50.479865420744474,9.247998300740807,93.20532206194432,0
5.750917094067324,95.87816370008403,4.259075731391487,47.112181140380876,0
11.806752857511,91.25135105743226,4.578476593265095,65.86009366187471,1
4.720648235023253,71.56688433880592,4.756584904999836,59.45071039454585,0
11.261361988943303,85.24966589186893,9.221004642254458,80.29011538854765,1
9.919088578118076,93.94783782257801,7.040827109853671,79.5131647310219,1
5.935350972895206,58.27087301126992,8.503484258551339,61.58424172221845,1
7.624369959468201,74.42683172254831,4.463188993821412,53.133216078365365,0
0.7869972829348231,97.5428253305055,8.476954250894977,44.59956028968659,0
6.197191272294039,53.40440596156347,4.465131116301624,33.27709525406997,0
9.119202951087175,49.00741536640302,9.46208481002716,60.80678818925618,1
2.7643991007343267,96.95578432117058,7.072921556673398,30.193952421369968,0
0.6178404187141022,92.554572247372,9.756318310752915,54.71558791954115,0
0.35281429785991447,42.62182409344103,7.810494210552804,97.79591695690435,0
1.9237888937810381,74.80182202167265,7.609781165725793,75.67474086387263,0
2.853203977538352,78.7324822411059,5.000366123256631,58.962982540663226,0
9.664820248806556,83.01168054561695,7.792502893795253,96.1096938779023,1
5.509374479313394,76.97597203055489,8.523560995247806,99.66177231110778,1
6.426700529477345,73.75022060745407,7.662267104197079,84.36454642368358,1
3.757212697041817,76.45013405326307,8.135655957013881,51.29678138293231,0
3.5859399363146593,77.1796613111411,9.304960429736163,92.01029004167978,1
6.641825907840462,45.53767548024846,8.180268820775023,85.36374190750905,1
8.949468158859856,50.438177565911516,7.855888207547248,75.45191185447524,1
2.168281994614098,57.16796687405588,7.16520287465,62.8160784607454,0
5.215793399080782,95.674795444708,6.732278603851151,48.862516334560496,0
7.72904342748638,68.02106564563248,8.276600190955781,50.84298980317166,1
11.521126566587977,76.81942942104716,8.968316565560784,66.26202765541338,1
3.2328442426260557,98.1051753696778,8.370782106161421,65.32783977757131,0
4.714368512111463,46.0260127719018,4.600884436988907,61.67463790318538,0
6.831627551790577,51.550105735883065,5.5378150568658615,85.68649510083321,1
1.7027706610211792,56.882913290719635,7.68282703670061,47.45909981953717,0
7.338995660587406,95.14594573183223,7.404004068395118,38.62992504163977,1
11.69348696183472,83.08123206976619,9.505466183143916,41.998893861327055,1
3.2810431010780996,47.83323763206463,9.900066043457391,73.39723481932447,0
5.766978703245075,44.257849662005476,9.374927995000657,32.23789395113879,0
1.4116591775607827,50.197459734180875,7.634929365932173,51.82005269180111,0
6.216723018985572,94.9357196412139,8.316554772215621,41.938934062988594,1
11.658923020241305,65.26406043323951,9.092183687508967,31.88353071887919,1
6.508515117162025,92.18431988982326,4.87777402397772,96.03561934910358,1
2.5620174274721124,90.7970446757479,5.876741976873114,55.47746543042025,0
3.7290868803119737,97.98806580843173,4.150139677616327,93.06954052236917,0
7.516889275731858,72.53595768330001,7.743979571416937,63.70790954345197,1
10.284281253748393,56.40282478051203,9.515953555198116,97.90488509449867,1
5.441252298718423,70.86535018287803,4.028600623020714,39.7366581265506,0
5.881441461491486,93.59524508771659,4.75764894091582,55.98032494589411,0
9.712263845090895,96.87870194092721,5.200610488758168,47.40149743085827,1
1.2635246075116178,63.862117547463384,8.675537559721176,82.42772356943627,0
11.414947305921041,69.22781399557644,6.21963118934804,47.01482337686586,1
5.57718073695799,87.8724565300221,5.188263967327467,69.17523023451744,0
3.979798299116931,63.81822595133908,6.234266951372929,43.231768353156255,0
9.342538736843196,54.38022697983438,5.537796680323747,34.67444256682255,0
3.0776714860469494,56.76225747570679,5.502789040817946,92.27260244610272,0
1.7572395411940573,68.80712660452556,7.395043400914664,84.01091754152043,0
3.0974601950465646,54.301457934847434,8.022396151486841,85.56941027525923,0
8.070370437490183,85.87761825526547,5.496173246468855,99.79851113554928,1
1.2080157625878845,80.03268962263849,7.299425573629552,89.55218161686666,0
5.415708872829686,95.95974230609255,4.1787085976481215,34.88745954208072,0
2.826711857569702,84.80822826248188,9.834451481985298,49.79096082003889,0
6.548137989224869,67.19864817466858,4.615012187936191,58.93520261183123,0
1.659365301326721,50.9586911652104,7.353478245308562,96.42140150257093,0
9.28759520322756,54.118408616042416,9.982231009490434,31.452317482941634,1
11.086950789664424,93.21184073805881,5.93106601989197,81.70411062339332,1
3.8323106129788433,78.13558584624391,5.722752604880184,34.60289000876633,0
4.253742794682266,46.41299947868087,8.430075601924383,42.073126669715336,0
7.177022879667836,69.98986257027448,6.794337697289926,47.206116821816636,0
8.8658200646439,85.97393553049079,5.5994217172365115,61.131830600367216,1
0.699284199318555,88.28699878710356,7.437177806413041,93.30131042492096,0
8.097338342564631,90.36411596024737,8.962491686844789,90.07313305529028,1
9.770978935125164,94.66126039066185,8.014966717494154,52.14453485503646,1
9.510254509547453,68.93852116922116,5.44054259664863,98.92270144022324,1
5.263216583496346,80.03522745638115,8.006865820865329,34.283123963468896,0
9.873245223567476,44.400903429149395,9.579288561112007,34.12738686492024,1
6.564920206675662,79.69571673675958,5.182822172393966,63.67111357001722,0
2.240701064986875,70.87768877250184,7.910642663385823,53.82091070185841,0
3.4288420680585774,52.788083528117994,6.997478839818661,90.881503717735,0
7.112831500930038,55.17402235062109,7.9800897518452345,31.778950425336955,0
6.629697641242625,82.464626539491,4.826334112399244,91.84359085234078,1
9.626019265146397,53.553941921472195,5.397085056647446,49.77895347320582,1
8.578721790704154,60.561170270479764,6.085723104474105,85.31268566808436,1
2.5567217959483957,62.61724854408454,9.03761631605314,31.143149303913113,0
4.768635968381545,85.6565151610755,6.305983287120396,94.04029081983063,1
9.336890169993145,51.55901565226827,6.024558230952709,87.88175299693273,1
5.49741753097843,44.75281916057753,8.449710396791406,70.82597769845287,0
2.7003631075544052,51.00385693046778,4.832358147381375,88.25612146823562,0
11.245137203644118,82.75157097516262,5.91993224075928,86.12487166013457,1
5.3889071336637375,43.0284970770143,7.304903693046951,89.84664832279435,1
3.704723130252082,73.26056360219633,6.078211779654561,77.85309132373999,0
6.135099247594782,70.25048155950873,7.587573200706658,97.89907106546114,1
3.611020303629469,62.450587892428516,7.609057171942136,70.42245034507214,0
3.2446051167078904,60.8392726626642,4.847790789376697,78.83749541182115,0
7.9383814607828,72.32027432070304,4.800547015299627,63.28514495691212,1
9.542799702733753,43.65035125568943,8.705650673619473,99.15166820998421,1
4.905980839662064,59.371925489098324,6.504190327733024,31.565341119543575,0
1.9312819890921533,64.98765364065795,4.894865877600691,81.61983586477331,0
5.709544654682799,48.49436429734862,4.458443772526671,46.968833782584355,0
4.819208906793998,71.4774093921882,6.513468676930796,77.12730619405099,0
5.228535589884989,58.56536264054425,9.052826204652982,42.34266391804835,0
2.878511952315822,43.9357091344414,5.230687266071964,53.96500916352206,0
9.235168429517646,47.68549645701329,9.970150755268493,78.07585665143193,1
2.426731326481149,59.67095631589059,4.125219759465246,58.61993285054835,0
0.46375829929911916,79.70982487165556,7.561253272163511,76.50848947283427,0
8.401363575100776,88.01457449575156,8.194749334158294,75.22294023967501,1
8.91001367730479,69.17318513875487,7.193635280430645,37.99764919160118,1
2.865112271555289,42.802754401450564,5.554995047093197,78.56361696347736,0
2.080871043225782,76.4192096480956,5.898682704644777,49.506923321693506,0
6.9663753528747385,94.31923715152773,7.323221816733273,59.73295047381758,1
11.035565211004567,43.091592939915294,9.37207917419542,65.92938646014093,1
3.0477995665422504,60.862184986451744,6.51840524652064,56.56144528762796,0
6.48005035436058,41.01142516780592,6.068994999380494,48.47222278180067,0
3.172538637259896,74.63781107137969,6.402255127360137,41.35811098270354,0
8.899773374352305,46.25720305244757,9.995976670420522,73.86963909478125,1
5.605156687240393,96.45620026071938,5.598908088970361,82.86477807452597,1
4.5474761881814345,64.44308856903359,5.028274893700867,43.38348795081401,0
7.873686909698048,77.28143396482412,9.3572000499652,72.24105694875283,1
6.377034488688422,59.721999753843676,4.752808520077263,39.193201392891744,0
2.4137922104274603,60.15557070210063,9.036620525259938,75.09028697756554,0
4.994546909949625,40.69235356616295,7.751529424193662,50.89116131910714,0
11.477922094994712,91.9989770701736,9.747775451562916,55.09331307354789,1
9.613622568820375,56.18343679779163,5.906651513862495,76.97073774776416,1
6.14530325439352,54.90155583063877,9.133957686511742,62.47556184074852,1
7.925559018405486,61.59627346876687,4.524949908912702,61.46443647726864,0
1.7084570931918273,51.047091788745,8.694043058033257,51.240974500422965,0
4.9583204761634025,58.73955922833795,5.963031852589402,86.9214953235192,0
10.737796433784922,56.866851239406316,6.763469591247589,51.26013263623321,1
2.2574441047992493,98.49739811704188,8.782350583513345,75.39137746289033,0
11.783056013989663,92.57653359925811,7.809417840016091,34.16328234020425,1
10.177333017512954,56.94402527750943,6.749472558999106,93.73044526675677,1
8.233537179047932,90.35122638507605,5.755603365525873,97.6375269804617,1
4.483489815606331,42.28783120658802,8.532543149481363,42.82702298959451,0
1.1049306180385328,74.11623033023763,6.794956540658395,60.889481359260444,0
3.5362057226300574,91.8106252830391,5.467887918419207,37.54216499513511,0
8.891957694119402,53.01369312693967,6.3526079359845875,58.96962653661155,1
5.059456375628512,49.65688868681406,8.77574748330082,90.77027020215684,1
9.63463240345945,87.64730055096884,4.351743184084954,71.55310041129945,1
2.5895577167979003,79.19800522143315,5.933428107051401,39.62406566649909,0
9.884953561090454,98.44877642639509,8.364344795256338,97.86534940254323,1
10.321339000092996,49.52710412858754,7.67599819895637,69.018504193539,1
8.666365963496265,48.906045607190194,6.636815527349765,35.204590995194216,0
2.44816962418032,43.323135716286444,4.934298510850718,55.59344072490647,0
2.674697291735577,59.45718748523704,4.285568403126246,40.20377664400534,0
0.7715327650187964,42.86363715839365,6.406427135908166,91.82093622128214,0
0.6156161603094881,76.837529337126,8.129788678050279,57.409026428721944,0
8.868835586204693,45.152017144318584,5.607184448108768,64.9778392006082,1
5.8981996877852785,67.25436261011286,9.412352021045852,88.82227646461271,1
9.138134622611712,70.90413176666262,7.717031972671588,69.73810227598403,1
3.39295406168359,45.18110304272876,6.731438026622342,33.396025029692844,0
4.143202477015491,81.5136920980728,8.528244283038205,35.2103857456843,0
10.736443155095923,99.43307715830852,5.798057107276343,42.15193665219331,1
11.96860080737416,63.35681244409237,9.363774487877343,77.22289567626298,1
1.2210713097445494,71.008472509642,6.204928557074536,73.21485708049498,0
9.351025103918188,62.51541837740409,4.031612178582935,55.03892688301301,1
6.673782934090833,98.78800067697235,9.87128881563264,51.91670611216494,1
0.05458546400352482,91.02918143303626,6.976494486438209,35.61193230964256,0
7.398601743729969,98.12205316960255,9.421556014178861,34.87639421660625,1
3.3591382499325357,63.18465726480214,4.654193636455394,74.45501960674005,0
4.206756799023621,58.97989507380079,5.199433055170355,85.65937403843243,0
11.63134664794909,40.96835879739784,6.902311655297128,65.16065155352754,1
8.912134961244053,44.61178390564042,9.372496306513533,78.21357039516411,1
0.6542608843666975,97.37942893409753,4.552174752007457,61.32579918665927,0
8.171709565405115,75.06100299247962,7.230932443873715,33.805540281314066,1
0.15594789841344436,66.76509258311202,8.54866127966712,30.162211579321475,0
10.634326276288274,49.47019895653804,6.342463011891207,86.09540896149997,1
7.16019019875271,96.28164722699768,6.671933462104681,90.69885274661775,1
7.569855721583318,42.36120643998219,9.60246733983488,98.85986460613718,1
0.19738503877649416,78.91490168738534,7.222204036437955,51.52422926279161,0
